﻿{
    "taskMessage": "Go to the kitchen, grasp the piggy_bank on the wooden_cupboard in the kitchen and put it on the white_side_table in the bedroom.",
    "correctedTaskMessage": "",
    "environmentName": "Layout2020HM01",
    "isEnvironmentNameSent": true,
    "graspingTargetName": "piggy_bank#1",
    "destinationName": "white_side_table#bedroom",
    "graspablesPositions": [
        {
            "name": "bear_doll#1",
            "position": {
                "x": -6.740200042724609,
                "y": 0.4960000216960907,
                "z": 4.315999984741211
            },
            "eulerAngles": {
                "x": 0.0,
                "y": 270.0,
                "z": 0.0
            }
        },
        {
            "name": "rabbit_doll#1",
            "position": {
                "x": 1.4900000095367432,
                "y": 0.7106999754905701,
                "z": 9.939800262451172
            },
            "eulerAngles": {
                "x": 0.0,
                "y": 180.0,
                "z": 0.0
            }
        },
        {
            "name": "toy_car#1",
            "position": {
                "x": -2.453000068664551,
                "y": 0.7459999918937683,
                "z": 4.60099983215332
            },
            "eulerAngles": {
                "x": 0.0,
                "y": 330.9000244140625,
                "z": 0.0
            }
        },
        {
            "name": "white_cup#1",
            "position": {
                "x": -6.319999694824219,
                "y": 0.4960000216960907,
                "z": 3.4609999656677248
            },
            "eulerAngles": {
                "x": 0.0,
                "y": 270.0,
                "z": 0.0
            }
        },
        {
            "name": "dog_doll#1",
            "position": {
                "x": -0.2049999237060547,
                "y": 0.8559999465942383,
                "z": 7.918000221252441
            },
            "eulerAngles": {
                "x": 0.0,
                "y": 90.0,
                "z": 0.0
            }
        },
        {
            "name": "camera#1",
            "position": {
                "x": -0.3359999656677246,
                "y": 0.746399998664856,
                "z": 3.7820000648498537
            },
            "eulerAngles": {
                "x": 0.0,
                "y": 81.37001037597656,
                "z": 0.0
            }
        },
        {
            "name": "ground_pepper#1",
            "position": {
                "x": -7.553999900817871,
                "y": 0.6039999723434448,
                "z": 4.956999778747559
            },
            "eulerAngles": {
                "x": 0.0,
                "y": 180.0,
                "z": 0.0
            }
        },
        {
            "name": "cigarette#1",
            "position": {
                "x": 0.017000198364257814,
                "y": 0.7109999656677246,
                "z": 9.947000503540039
            },
            "eulerAngles": {
                "x": 0.0,
                "y": 180.0,
                "z": 0.0
            }
        },
        {
            "name": "sugar#1",
            "position": {
                "x": 1.7734999656677247,
                "y": 1.024999976158142,
                "z": 0.621999979019165
            },
            "eulerAngles": {
                "x": 0.0,
                "y": 270.0,
                "z": 0.0
            }
        },
        {
            "name": "canned_juice#1",
            "position": {
                "x": -8.57659912109375,
                "y": 0.4482000172138214,
                "z": 0.885699987411499
            },
            "eulerAngles": {
                "x": 0.0,
                "y": 180.0,
                "z": 0.0
            }
        },
        {
            "name": "spray_bottle#1",
            "position": {
                "x": -0.315000057220459,
                "y": 0.30059999227523806,
                "z": 9.938799858093262
            },
            "eulerAngles": {
                "x": 0.0,
                "y": 180.0,
                "z": 0.0
            }
        },
        {
            "name": "hourglass#1",
            "position": {
                "x": 2.0339999198913576,
                "y": 0.38499999046325686,
                "z": 3.565999984741211
            },
            "eulerAngles": {
                "x": 0.0,
                "y": 270.0,
                "z": 0.0
            }
        },
        {
            "name": "tumbler#1",
            "position": {
                "x": -8.371999740600586,
                "y": 0.6039999723434448,
                "z": 5.01200008392334
            },
            "eulerAngles": {
                "x": 0.0,
                "y": 180.0,
                "z": 0.0
            }
        },
        {
            "name": "piggy_bank#1",
            "position": {
                "x": 1.0418999195098878,
                "y": 0.7106999754905701,
                "z": 9.946000099182129
            },
            "eulerAngles": {
                "x": 0.0,
                "y": 195.6099853515625,
                "z": 0.0
            }
        },
        {
            "name": "apple#1",
            "position": {
                "x": -0.3569999933242798,
                "y": 0.746399998664856,
                "z": 4.416999816894531
            },
            "eulerAngles": {
                "x": 0.0,
                "y": 90.0,
                "z": 0.0
            }
        },
        {
            "name": "filled_plastic_bottle#1",
            "position": {
                "x": -6.734699726104736,
                "y": 0.4960000216960907,
                "z": 3.740000009536743
            },
            "eulerAngles": {
                "x": 0.0,
                "y": 270.0,
                "z": 0.0
            }
        },
        {
            "name": "salt#1",
            "position": {
                "x": 1.0169999599456788,
                "y": 0.30059999227523806,
                "z": 9.939899444580079
            },
            "eulerAngles": {
                "x": 0.0,
                "y": 180.0,
                "z": 0.0
            }
        },
        {
            "name": "empty_plastic_bottle#1",
            "position": {
                "x": -5.111499786376953,
                "y": 0.3199999928474426,
                "z": 3.662400007247925
            },
            "eulerAngles": {
                "x": 0.0,
                "y": 109.59999084472656,
                "z": 0.0
            }
        },
        {
            "name": "pink_cup#1",
            "position": {
                "x": -8.558000564575196,
                "y": 0.4480000138282776,
                "z": 1.3840000629425049
            },
            "eulerAngles": {
                "x": 0.0,
                "y": 90.0,
                "z": 0.0
            }
        },
        {
            "name": "sauce#1",
            "position": {
                "x": -2.2332000732421877,
                "y": 0.8562999963760376,
                "z": 7.809999942779541
            },
            "eulerAngles": {
                "x": 0.0,
                "y": 270.0,
                "z": 0.0
            }
        },
        {
            "name": "filled_ketchup#1",
            "position": {
                "x": -2.482300043106079,
                "y": 0.746399998664856,
                "z": 2.947000026702881
            },
            "eulerAngles": {
                "x": 0.0,
                "y": 270.0,
                "z": 0.0
            }
        },
        {
            "name": "rubik's_cube#1",
            "position": {
                "x": -7.98199987411499,
                "y": 0.6039999723434448,
                "z": 4.960999965667725
            },
            "eulerAngles": {
                "x": 0.0,
                "y": 180.0,
                "z": 0.0
            }
        },
        {
            "name": "game_controller#1",
            "position": {
                "x": 0.34800004959106448,
                "y": 0.7109999656677246,
                "z": 9.996999740600586
            },
            "eulerAngles": {
                "x": 0.0,
                "y": 180.0,
                "z": 0.0
            }
        },
        {
            "name": "cubic_clock#1",
            "position": {
                "x": -3.8930001258850099,
                "y": 0.4960000216960907,
                "z": 0.3680000305175781
            },
            "eulerAngles": {
                "x": 0.0,
                "y": 0.0,
                "z": 0.0
            }
        },
        {
            "name": "nursing_bottle#1",
            "position": {
                "x": -1.2789998054504395,
                "y": 0.8562999963760376,
                "z": 7.915999889373779
            },
            "eulerAngles": {
                "x": 0.0,
                "y": 0.0,
                "z": 0.0
            }
        },
        {
            "name": "toy_duck#1",
            "position": {
                "x": 1.7810001373291016,
                "y": 0.625,
                "z": 0.6429998874664307
            },
            "eulerAngles": {
                "x": 0.0,
                "y": 270.0,
                "z": 0.0
            }
        },
        {
            "name": "empty_ketchup#1",
            "position": {
                "x": -5.109999656677246,
                "y": 0.6799999475479126,
                "z": 3.185999870300293
            },
            "eulerAngles": {
                "x": 0.0,
                "y": 84.97999572753906,
                "z": 0.0
            }
        },
        {
            "name": "soysauce#1",
            "position": {
                "x": -3.38700008392334,
                "y": 0.4960000216960907,
                "z": 0.38299989700317385
            },
            "eulerAngles": {
                "x": 0.0,
                "y": 0.0,
                "z": 0.0
            }
        },
        {
            "name": "toy_penguin#1",
            "position": {
                "x": -1.7599999904632569,
                "y": 0.7459999918937683,
                "z": 2.7009999752044679
            },
            "eulerAngles": {
                "x": 0.0,
                "y": 90.0,
                "z": 0.0
            }
        }
    ],
    "destinationsPositions": [
        {
            "name": "white_side_table#living_room",
            "position": {
                "x": -3.6500000953674318,
                "y": 0.0,
                "z": 0.09000015258789063
            },
            "eulerAngles": {
                "x": 0.0,
                "y": 0.0,
                "z": 0.0
            }
        },
        {
            "name": "trash_box_for_burnable#living_room",
            "position": {
                "x": 2.1399998664855959,
                "y": 0.0,
                "z": 5.059999942779541
            },
            "eulerAngles": {
                "x": 0.000009334667083749082,
                "y": 0.0,
                "z": 0.0
            }
        },
        {
            "name": "dining_table#living_room_1",
            "position": {
                "x": -1.409999966621399,
                "y": 0.0,
                "z": 4.179999828338623
            },
            "eulerAngles": {
                "x": 0.0,
                "y": 0.0,
                "z": 0.0
            }
        },
        {
            "name": "dining_table#living_room_2",
            "position": {
                "x": -1.409999966621399,
                "y": 0.0,
                "z": 3.1469998359680177
            },
            "eulerAngles": {
                "x": 0.0,
                "y": 0.0,
                "z": 0.0
            }
        },
        {
            "name": "wooden_shelf#living_room",
            "position": {
                "x": -5.220000267028809,
                "y": 0.0,
                "z": 3.4700000286102297
            },
            "eulerAngles": {
                "x": 0.0,
                "y": 90.0,
                "z": 0.0
            }
        },
        {
            "name": "wooden_side_table#living_room",
            "position": {
                "x": 2.0190000534057619,
                "y": 0.0,
                "z": 3.885999917984009
            },
            "eulerAngles": {
                "x": 0.0,
                "y": 90.0,
                "z": 0.0
            }
        },
        {
            "name": "trash_box_for_bottle_can#kitchen_1",
            "position": {
                "x": -5.170000076293945,
                "y": 0.0,
                "z": 7.519999980926514
            },
            "eulerAngles": {
                "x": 0.0,
                "y": 180.0,
                "z": 0.0
            }
        },
        {
            "name": "trash_box_for_bottle_can#kitchen_2",
            "position": {
                "x": -3.3509998321533205,
                "y": 0.0,
                "z": 9.979999542236329
            },
            "eulerAngles": {
                "x": 0.0,
                "y": 270.0,
                "z": 0.0
            }
        },
        {
            "name": "trash_box_for_recycle#kitchen",
            "position": {
                "x": -5.180000305175781,
                "y": 0.0,
                "z": 8.319999694824219
            },
            "eulerAngles": {
                "x": 0.0,
                "y": 180.0,
                "z": 0.0
            }
        },
        {
            "name": "trash_box_for_burnable#kitchen",
            "position": {
                "x": -2.4600000381469728,
                "y": 0.0,
                "z": 9.982999801635743
            },
            "eulerAngles": {
                "x": 0.0,
                "y": 270.0,
                "z": 0.0
            }
        },
        {
            "name": "round_low_table#bedroom",
            "position": {
                "x": -8.847000122070313,
                "y": 0.0,
                "z": 1.1519999504089356
            },
            "eulerAngles": {
                "x": 0.0,
                "y": 90.0,
                "z": 0.0
            }
        },
        {
            "name": "iron_bed#bedroom",
            "position": {
                "x": -8.59000015258789,
                "y": 0.0,
                "z": 5.449999809265137
            },
            "eulerAngles": {
                "x": 0.0,
                "y": 90.0,
                "z": 0.0
            }
        },
        {
            "name": "white_side_table#bedroom",
            "position": {
                "x": -6.442999839782715,
                "y": 0.0,
                "z": 4.144999980926514
            },
            "eulerAngles": {
                "x": 0.0,
                "y": 90.0,
                "z": 0.0
            }
        },
        {
            "name": "cardboard_box#bedroom",
            "position": {
                "x": -8.96299934387207,
                "y": 0.21799999475479127,
                "z": 2.2089998722076418
            },
            "eulerAngles": {
                "x": 0.0,
                "y": 90.0,
                "z": 0.0
            }
        },
        {
            "name": "Moderator",
            "position": {
                "x": 0.0,
                "y": 0.0,
                "z": 0.0
            },
            "eulerAngles": {
                "x": 0.0,
                "y": 0.0,
                "z": 0.0
            }
        }
    ]
}
