﻿{
    "taskMessage": "Go to the living room, grasp the spray_bottle close to the TV and place it on the round_low_table in the living room now.",
    "correctedTaskMessage": "",
    "environmentName": "Layout2019HM02",
    "isEnvironmentNameSent": true,
    "graspingTargetName": "spray_bottle#2",
    "destinationName": "round_low_table#living_room",
    "graspablesPositions": [
        {
            "name": "canned_juice#1",
            "position": {
                "x": 2.086899757385254,
                "y": 0.7459999918937683,
                "z": 8.144800186157227
            },
            "eulerAngles": {
                "x": 0.0,
                "y": 90.0,
                "z": 0.0
            }
        },
        {
            "name": "sauce#1",
            "position": {
                "x": -9.343999862670899,
                "y": 0.4480000138282776,
                "z": 2.6670000553131105
            },
            "eulerAngles": {
                "x": 0.0,
                "y": 315.0,
                "z": 0.0
            }
        },
        {
            "name": "cubic_clock#1",
            "position": {
                "x": 0.9969997406005859,
                "y": 0.4960000216960907,
                "z": 3.199000120162964
            },
            "eulerAngles": {
                "x": 0.0,
                "y": 270.0,
                "z": 0.0
            }
        },
        {
            "name": "sugar#1",
            "position": {
                "x": -0.03699970245361328,
                "y": 0.7459999918937683,
                "z": 8.0600004196167
            },
            "eulerAngles": {
                "x": 0.0,
                "y": 223.9399871826172,
                "z": 0.0
            }
        },
        {
            "name": "empty_ketchup#1",
            "position": {
                "x": -9.083999633789063,
                "y": 0.4480000138282776,
                "z": 2.0320000648498537
            },
            "eulerAngles": {
                "x": 0.0,
                "y": 190.0,
                "z": 0.0
            }
        },
        {
            "name": "rabbit_doll#1",
            "position": {
                "x": 0.9899997711181641,
                "y": 0.4960000216960907,
                "z": 2.5920002460479738
            },
            "eulerAngles": {
                "x": 0.0,
                "y": 270.0,
                "z": 0.0
            }
        },
        {
            "name": "apple#1",
            "position": {
                "x": 3.2910003662109377,
                "y": 0.7109999656677246,
                "z": 10.746999740600586
            },
            "eulerAngles": {
                "x": 0.0,
                "y": 180.0,
                "z": 0.0
            }
        },
        {
            "name": "spray_bottle#2",
            "position": {
                "x": -11.48,
                "y": 0.443,
                "z": 2.68
            },
            "eulerAngles": {
                "x": 0.0,
                "y": 30.0,
                "z": 0.0
            }
        },
        {
            "name": "camera#1",
            "position": {
                "x": -1.989999771118164,
                "y": 0.7459999918937683,
                "z": 2.125000238418579
            },
            "eulerAngles": {
                "x": 0.0,
                "y": 180.0,
                "z": 0.0
            }
        },
        {
            "name": "cigarette#1",
            "position": {
                "x": -0.017000198364257814,
                "y": 0.7459999918937683,
                "z": 8.694299697875977
            },
            "eulerAngles": {
                "x": 0.0,
                "y": 270.0,
                "z": 0.0
            }
        },
        {
            "name": "nursing_bottle#1",
            "position": {
                "x": -10.86199951171875,
                "y": 0.765999972820282,
                "z": 0.6175999641418457
            },
            "eulerAngles": {
                "x": 0.0,
                "y": 0.0,
                "z": 0.0
            }
        },
        {
            "name": "bear_doll#1",
            "position": {
                "x": -4.2820000648498539,
                "y": 0.5059999823570252,
                "z": 0.47700023651123049
            },
            "eulerAngles": {
                "x": 0.0,
                "y": 0.0,
                "z": 0.0
            }
        },
        {
            "name": "hourglass#1",
            "position": {
                "x": 2.6343002319335939,
                "y": 0.3009999990463257,
                "z": 10.682899475097657
            },
            "eulerAngles": {
                "x": 0.0,
                "y": 180.0,
                "z": 0.0
            }
        },
        {
            "name": "soysauce#1",
            "position": {
                "x": -11.49940013885498,
                "y": 0.4440000057220459,
                "z": 1.7991001605987549
            },
            "eulerAngles": {
                "x": 0.0,
                "y": 265.8999938964844,
                "z": 0.0
            }
        },
        {
            "name": "rubik's_cube#1",
            "position": {
                "x": 1.094599723815918,
                "y": 0.6919999718666077,
                "z": 1.2360000610351563
            },
            "eulerAngles": {
                "x": 0.0,
                "y": 270.0,
                "z": 0.0
            }
        },
        {
            "name": "empty_plastic_bottle#1",
            "position": {
                "x": 2.62969970703125,
                "y": 0.7109999656677246,
                "z": 10.699000358581543
            },
            "eulerAngles": {
                "x": 0.0,
                "y": 180.0,
                "z": 0.0
            }
        },
        {
            "name": "ground_pepper#1",
            "position": {
                "x": -9.288000106811524,
                "y": 0.4560000002384186,
                "z": 0.3260002136230469
            },
            "eulerAngles": {
                "x": 0.0,
                "y": 0.0,
                "z": 0.0
            }
        },
        {
            "name": "filled_ketchup#1",
            "position": {
                "x": -1.005000114440918,
                "y": 0.7309999465942383,
                "z": 5.032800197601318
            },
            "eulerAngles": {
                "x": 0.0,
                "y": 270.0,
                "z": 0.0
            }
        },
        {
            "name": "toy_duck#1",
            "position": {
                "x": 0.7486000061035156,
                "y": 0.7459999918937683,
                "z": 8.805100440979004
            },
            "eulerAngles": {
                "x": 0.0,
                "y": 0.0,
                "z": 0.0
            }
        },
        {
            "name": "spray_bottle#1",
            "position": {
                "x": -7.281000137329102,
                "y": 0.4960000216960907,
                "z": 2.9976000785827638
            },
            "eulerAngles": {
                "x": 0.0,
                "y": 244.39791870117188,
                "z": 0.0
            }
        },
        {
            "name": "dog_doll#1",
            "position": {
                "x": -0.12419986724853516,
                "y": 0.7309999465942383,
                "z": 4.711400032043457
            },
            "eulerAngles": {
                "x": 0.0,
                "y": 180.0,
                "z": 0.0
            }
        },
        {
            "name": "salt#1",
            "position": {
                "x": 1.260000228881836,
                "y": 0.7109999656677246,
                "z": 10.668000221252442
            },
            "eulerAngles": {
                "x": 0.0,
                "y": 180.0,
                "z": 0.0
            }
        },
        {
            "name": "toy_penguin#1",
            "position": {
                "x": -11.722000122070313,
                "y": 0.4259999990463257,
                "z": 6.590000152587891
            },
            "eulerAngles": {
                "x": 0.0,
                "y": 90.0,
                "z": 0.0
            }
        },
        {
            "name": "pink_cup#1",
            "position": {
                "x": -5.480999946594238,
                "y": 0.3850000202655792,
                "z": 2.364500045776367
            },
            "eulerAngles": {
                "x": 0.0,
                "y": 90.0,
                "z": 0.0
            }
        },
        {
            "name": "toy_car#1",
            "position": {
                "x": -3.0310001373291017,
                "y": 0.38100001215934756,
                "z": 10.562000274658204
            },
            "eulerAngles": {
                "x": 0.0,
                "y": 180.0,
                "z": 0.0
            }
        },
        {
            "name": "filled_plastic_bottle#1",
            "position": {
                "x": -8.246999740600586,
                "y": 0.6227999925613403,
                "z": 0.3450002670288086
            },
            "eulerAngles": {
                "x": 0.0,
                "y": 0.0,
                "z": 0.0
            }
        },
        {
            "name": "game_controller#1",
            "position": {
                "x": 1.0450000762939454,
                "y": 0.3720000088214874,
                "z": 1.3250000476837159
            },
            "eulerAngles": {
                "x": 0.0,
                "y": 270.0,
                "z": 0.0
            }
        },
        {
            "name": "white_cup#1",
            "position": {
                "x": -3.6507997512817385,
                "y": 0.38100001215934756,
                "z": 10.542499542236329
            },
            "eulerAngles": {
                "x": 0.0,
                "y": 212.91619873046876,
                "z": 0.0
            }
        }
    ],
    "destinationsPositions": [
        {
            "name": "white_side_table#living_room",
            "position": {
                "x": -7.0,
                "y": 0.0,
                "z": 2.3500001430511476
            },
            "eulerAngles": {
                "x": 0.0,
                "y": 90.0,
                "z": 0.0
            }
        },
        {
            "name": "square_low_table#living_room",
            "position": {
                "x": -11.20199966430664,
                "y": 0.0,
                "z": 2.250000238418579
            },
            "eulerAngles": {
                "x": 0.0,
                "y": 90.0,
                "z": 0.0
            }
        },
        {
            "name": "round_low_table#living_room",
            "position": {
                "x": -9.057000160217286,
                "y": 0.0,
                "z": 2.5910000801086427
            },
            "eulerAngles": {
                "x": 0.0,
                "y": 90.0,
                "z": 0.0
            }
        },
        {
            "name": "cardboard_box#living_room",
            "position": {
                "x": -7.052000045776367,
                "y": 0.21799999475479127,
                "z": 3.63700008392334
            },
            "eulerAngles": {
                "x": 0.0,
                "y": 10.000003814697266,
                "z": 0.0
            }
        },
        {
            "name": "armchair#lobby",
            "position": {
                "x": -4.380000114440918,
                "y": 0.0,
                "z": 0.1700000762939453
            },
            "eulerAngles": {
                "x": 0.0,
                "y": 0.0,
                "z": 0.0
            }
        },
        {
            "name": "white_side_table#lobby",
            "position": {
                "x": 1.2700004577636719,
                "y": 0.0,
                "z": 2.6010000705718996
            },
            "eulerAngles": {
                "x": 0.0,
                "y": 90.0,
                "z": 0.0
            }
        },
        {
            "name": "wooden_side_table#lobby",
            "position": {
                "x": -5.63100004196167,
                "y": 0.0,
                "z": 2.0940001010894777
            },
            "eulerAngles": {
                "x": 0.0,
                "y": 90.0,
                "z": 0.0
            }
        },
        {
            "name": "dining_table#lobby",
            "position": {
                "x": -2.0900001525878908,
                "y": 0.0,
                "z": 2.571000099182129
            },
            "eulerAngles": {
                "x": 0.0,
                "y": 0.0,
                "z": 0.0
            }
        },
        {
            "name": "wooden_shelf#lobby",
            "position": {
                "x": -5.572999954223633,
                "y": 0.0,
                "z": 3.250000238418579
            },
            "eulerAngles": {
                "x": 0.0,
                "y": 90.0,
                "z": 0.0
            }
        },
        {
            "name": "dining_table#kitchen",
            "position": {
                "x": 1.0299997329711915,
                "y": 0.0,
                "z": 8.371000289916993
            },
            "eulerAngles": {
                "x": 0.0,
                "y": 0.0,
                "z": 0.0
            }
        },
        {
            "name": "wooden_side_table#kitchen",
            "position": {
                "x": -3.308000087738037,
                "y": 0.0,
                "z": 10.708000183105469
            },
            "eulerAngles": {
                "x": 0.0,
                "y": 0.0,
                "z": 0.0
            }
        },
        {
            "name": "trash_box_for_recycle#kitchen",
            "position": {
                "x": -4.9589996337890629,
                "y": 0.0,
                "z": 7.902000427246094
            },
            "eulerAngles": {
                "x": 0.0,
                "y": 192.0299835205078,
                "z": 0.0
            }
        },
        {
            "name": "trash_box_for_bottle_can#kitchen",
            "position": {
                "x": -4.899999618530273,
                "y": 0.0,
                "z": 8.621999740600586
            },
            "eulerAngles": {
                "x": 0.0,
                "y": 180.0,
                "z": 0.0
            }
        },
        {
            "name": "wagon#lobby",
            "position": {
                "x": -0.7849998474121094,
                "y": 0.0,
                "z": 4.920000076293945
            },
            "eulerAngles": {
                "x": 0.0,
                "y": 0.0,
                "z": 0.0
            }
        },
        {
            "name": "Moderator",
            "position": {
                "x": 0.0,
                "y": 0.0,
                "z": 0.0
            },
            "eulerAngles": {
                "x": 0.0,
                "y": 0.0,
                "z": 0.0
            }
        }
    ]
}
