﻿{
    "taskMessage": "Go to the living room, grasp the filled_plastic_bottle and put it on the armchair in the bedroom.",
    "correctedTaskMessage": "",
    "environmentName": "Layout2021HM01",
    "isEnvironmentNameSent": true,
    "graspingTargetName": "filled_plastic_bottle#1",
    "destinationName": "armchair#bedroom",
    "graspablesPositions": [
        {
            "name": "hourglass#1",
            "position": {
                "x": 6.876799583435059,
                "y": 0.4960000216960907,
                "z": 3.359999895095825
            },
            "eulerAngles": {
                "x": 0.0,
                "y": 90.0,
                "z": 0.0
            }
        },
        {
            "name": "spray_bottle#1",
            "position": {
                "x": 0.3964996337890625,
                "y": 0.6419999599456787,
                "z": 5.856200218200684
            },
            "eulerAngles": {
                "x": 0.0,
                "y": 270.0,
                "z": 0.0
            }
        },
        {
            "name": "white_cup#1",
            "position": {
                "x": 9.069999694824219,
                "y": 0.7463734745979309,
                "z": -1.6480000019073487
            },
            "eulerAngles": {
                "x": 0.0,
                "y": 0.0,
                "z": 0.0
            }
        },
        {
            "name": "empty_ketchup#1",
            "position": {
                "x": 6.881999969482422,
                "y": 0.4960000216960907,
                "z": 2.1629998683929445
            },
            "eulerAngles": {
                "x": 0.0,
                "y": 90.0,
                "z": 0.0
            }
        },
        {
            "name": "pink_cup#1",
            "position": {
                "x": -0.9239001274108887,
                "y": 0.6919999718666077,
                "z": 6.067000389099121
            },
            "eulerAngles": {
                "x": 0.0,
                "y": 90.0,
                "z": 0.0
            }
        },
        {
            "name": "dog_doll#1",
            "position": {
                "x": 9.690000534057618,
                "y": 0.4960000216960907,
                "z": -5.063999652862549
            },
            "eulerAngles": {
                "x": 0.0,
                "y": 180.0,
                "z": 0.0
            }
        },
        {
            "name": "matryoshka#1",
            "position": {
                "x": 6.420000076293945,
                "y": 0.4960000216960907,
                "z": 3.4159998893737795
            },
            "eulerAngles": {
                "x": 0.0,
                "y": 0.0,
                "z": 0.0
            }
        },
        {
            "name": "filled_plastic_bottle#1",
            "position": {
                "x": 2.3299999237060549,
                "y": 0.7259999513626099,
                "z": -0.8880000114440918
            },
            "eulerAngles": {
                "x": 0.0,
                "y": 0.0,
                "z": 0.0
            }
        },
        {
            "name": "camera#1",
            "position": {
                "x": 7.300999641418457,
                "y": 0.7463734745979309,
                "z": -2.380000114440918
            },
            "eulerAngles": {
                "x": 0.0,
                "y": 180.0,
                "z": 0.0
            }
        },
        {
            "name": "filled_ketchup#1",
            "position": {
                "x": 11.084940910339356,
                "y": 0.5506044030189514,
                "z": 2.6570000648498537
            },
            "eulerAngles": {
                "x": 0.0,
                "y": 0.0,
                "z": 0.0
            }
        },
        {
            "name": "nursing_bottle#1",
            "position": {
                "x": -1.1314001083374024,
                "y": 0.4985000193119049,
                "z": 2.7699999809265138
            },
            "eulerAngles": {
                "x": 0.0,
                "y": 270.0,
                "z": 0.0
            }
        },
        {
            "name": "rubik's_cube#1",
            "position": {
                "x": 8.331999778747559,
                "y": 0.7463734745979309,
                "z": -1.6380000114440919
            },
            "eulerAngles": {
                "x": 0.0,
                "y": 0.0,
                "z": 0.0
            }
        },
        {
            "name": "sauce#1",
            "position": {
                "x": 6.894000053405762,
                "y": 0.4960000216960907,
                "z": 2.8499999046325685
            },
            "eulerAngles": {
                "x": 0.0,
                "y": 90.0,
                "z": 0.0
            }
        },
        {
            "name": "rabbit_doll#1",
            "position": {
                "x": -1.0780000686645508,
                "y": 0.4985000193119049,
                "z": 3.871000051498413
            },
            "eulerAngles": {
                "x": 0.0,
                "y": 90.0,
                "z": 0.0
            }
        },
        {
            "name": "cigarette#1",
            "position": {
                "x": 4.174200057983398,
                "y": 0.6859999895095825,
                "z": -3.0346999168395998
            },
            "eulerAngles": {
                "x": 0.0,
                "y": 90.0,
                "z": 0.0
            }
        },
        {
            "name": "ground_pepper#1",
            "position": {
                "x": 10.553999900817871,
                "y": 0.5059999823570252,
                "z": 5.570000171661377
            },
            "eulerAngles": {
                "x": 0.0,
                "y": 90.0,
                "z": 0.0
            }
        },
        {
            "name": "tumbler#1",
            "position": {
                "x": 1.7599997520446778,
                "y": 0.7459999918937683,
                "z": 3.0141000747680666
            },
            "eulerAngles": {
                "x": 0.0,
                "y": 270.0,
                "z": 0.0
            }
        },
        {
            "name": "toy_car#1",
            "position": {
                "x": 10.659000396728516,
                "y": 0.4960000216960907,
                "z": -3.121000051498413
            },
            "eulerAngles": {
                "x": 0.0,
                "y": 270.0,
                "z": 0.0
            }
        },
        {
            "name": "canned_juice#1",
            "position": {
                "x": 10.357000350952149,
                "y": 0.5507117509841919,
                "z": 2.569999933242798
            },
            "eulerAngles": {
                "x": 0.0,
                "y": 0.0,
                "z": 0.0
            }
        },
        {
            "name": "toy_penguin#1",
            "position": {
                "x": 1.2589998245239258,
                "y": 0.7459999918937683,
                "z": 3.6600000858306886
            },
            "eulerAngles": {
                "x": 0.0,
                "y": 180.0,
                "z": 0.0
            }
        },
        {
            "name": "bear_doll#1",
            "position": {
                "x": 8.010000228881836,
                "y": 0.7463734745979309,
                "z": -2.441999912261963
            },
            "eulerAngles": {
                "x": 0.0,
                "y": 180.0,
                "z": 0.0
            }
        },
        {
            "name": "sugar#1",
            "position": {
                "x": -1.4046001434326172,
                "y": 0.6919999718666077,
                "z": 6.079699993133545
            },
            "eulerAngles": {
                "x": 0.0,
                "y": 90.0,
                "z": 0.0
            }
        },
        {
            "name": "toy_duck#1",
            "position": {
                "x": 7.572999954223633,
                "y": 0.7463734745979309,
                "z": -1.628000020980835
            },
            "eulerAngles": {
                "x": 0.0,
                "y": 0.0,
                "z": 0.0
            }
        },
        {
            "name": "soysauce#1",
            "position": {
                "x": -1.1220002174377442,
                "y": 0.4985000193119049,
                "z": 3.25
            },
            "eulerAngles": {
                "x": 0.0,
                "y": 90.0,
                "z": 0.0
            }
        },
        {
            "name": "cubic_clock#1",
            "position": {
                "x": 9.309999465942383,
                "y": 0.7463734745979309,
                "z": -2.3600001335144045
            },
            "eulerAngles": {
                "x": 0.0,
                "y": 90.0,
                "z": 0.0
            }
        },
        {
            "name": "apple#1",
            "position": {
                "x": 10.660999298095704,
                "y": 0.4960000216960907,
                "z": -2.555999994277954
            },
            "eulerAngles": {
                "x": 0.0,
                "y": 270.0,
                "z": 0.0
            }
        },
        {
            "name": "salt#1",
            "position": {
                "x": 8.699999809265137,
                "y": 0.4960000216960907,
                "z": -5.0966997146606449
            },
            "eulerAngles": {
                "x": 0.0,
                "y": 180.0,
                "z": 0.0
            }
        },
        {
            "name": "empty_plastic_bottle#1",
            "position": {
                "x": 10.668999671936036,
                "y": 0.4960000216960907,
                "z": -2.003000020980835
            },
            "eulerAngles": {
                "x": 0.0,
                "y": 270.0,
                "z": 0.0
            }
        }
    ],
    "destinationsPositions": [
        {
            "name": "wooden_bed#bedroom",
            "position": {
                "x": 10.52400016784668,
                "y": 0.0,
                "z": 1.3249999284744263
            },
            "eulerAngles": {
                "x": 0.0,
                "y": 0.0,
                "z": 0.0
            }
        },
        {
            "name": "white_side_table#bedroom_1",
            "position": {
                "x": 6.659999847412109,
                "y": 0.0,
                "z": 2.799999952316284
            },
            "eulerAngles": {
                "x": 0.0,
                "y": 90.0,
                "z": 0.0
            }
        },
        {
            "name": "wagon#bedroom",
            "position": {
                "x": 9.170000076293946,
                "y": 0.0,
                "z": 1.1699999570846558
            },
            "eulerAngles": {
                "x": 0.0,
                "y": 0.0,
                "z": 0.0
            }
        },
        {
            "name": "armchair#bedroom",
            "position": {
                "x": 10.779999732971192,
                "y": 0.0,
                "z": 5.5
            },
            "eulerAngles": {
                "x": 0.0,
                "y": 270.0,
                "z": 0.0
            }
        },
        {
            "name": "cardboard_box#lobby",
            "position": {
                "x": 7.149999618530273,
                "y": 0.21799999475479127,
                "z": -5.489999771118164
            },
            "eulerAngles": {
                "x": 0.0,
                "y": 0.0,
                "z": 0.0
            }
        },
        {
            "name": "corner_sofa#lobby",
            "position": {
                "x": 10.829999923706055,
                "y": 0.0,
                "z": -4.069999694824219
            },
            "eulerAngles": {
                "x": 0.0,
                "y": 0.0,
                "z": 0.0
            }
        },
        {
            "name": "white_side_table#lobby",
            "position": {
                "x": 10.917999267578125,
                "y": 0.0,
                "z": -2.577000141143799
            },
            "eulerAngles": {
                "x": 0.0,
                "y": 90.0,
                "z": 0.0
            }
        },
        {
            "name": "dining_table#lobby",
            "position": {
                "x": 8.299999237060547,
                "y": 0.0,
                "z": -2.0299999713897707
            },
            "eulerAngles": {
                "x": 0.0,
                "y": 0.0,
                "z": 0.0
            }
        },
        {
            "name": "trash_box_for_burnable#lobby",
            "position": {
                "x": 4.119999885559082,
                "y": 0.0,
                "z": -1.9700000286102296
            },
            "eulerAngles": {
                "x": 0.0,
                "y": 180.0,
                "z": 0.0
            }
        },
        {
            "name": "wooden_shelf#lobby",
            "position": {
                "x": 4.062999725341797,
                "y": 0.0,
                "z": -2.940000057220459
            },
            "eulerAngles": {
                "x": 0.0,
                "y": 90.0,
                "z": 0.0
            }
        },
        {
            "name": "trash_box_for_burnable#living_room",
            "position": {
                "x": 1.0199999809265137,
                "y": 0.0,
                "z": -1.0600000619888306
            },
            "eulerAngles": {
                "x": 0.0,
                "y": 90.0,
                "z": 0.0
            }
        },
        {
            "name": "dining_table#living_room",
            "position": {
                "x": 2.2599997520446779,
                "y": 0.0,
                "z": 3.4100000858306886
            },
            "eulerAngles": {
                "x": 0.0,
                "y": 0.0,
                "z": 0.0
            }
        },
        {
            "name": "white_side_table#living_room",
            "position": {
                "x": -1.3400001525878907,
                "y": 0.0,
                "z": 3.2899999618530275
            },
            "eulerAngles": {
                "x": 0.0,
                "y": 90.0,
                "z": 0.0
            }
        },
        {
            "name": "wagon#living_room",
            "position": {
                "x": 2.319999933242798,
                "y": 0.0,
                "z": -1.0800000429153443
            },
            "eulerAngles": {
                "x": 0.0,
                "y": 0.0,
                "z": 0.0
            }
        },
        {
            "name": "Moderator",
            "position": {
                "x": 0.0,
                "y": 0.0,
                "z": 0.0
            },
            "eulerAngles": {
                "x": 0.0,
                "y": 0.0,
                "z": 0.0
            }
        }
    ]
}
