﻿{
    "taskMessage": "Go to the bedroom, grasp the cubic_clock and send it to the trash_box_for_recycle.",
    "correctedTaskMessage": "",
    "environmentName": "Layout2020HM01",
    "isEnvironmentNameSent": true,
    "graspingTargetName": "cubic_clock#1",
    "destinationName": "trash_box_for_recycle#kitchen",
    "graspablesPositions": [
        {
            "name": "rubik's_cube#1",
            "position": {
                "x": -8.652999877929688,
                "y": 0.4482000172138214,
                "z": 0.8889999389648438
            },
            "eulerAngles": {
                "x": 0.0,
                "y": 96.80000305175781,
                "z": 0.0
            }
        },
        {
            "name": "tumbler#1",
            "position": {
                "x": 1.561000108718872,
                "y": 0.7106999754905701,
                "z": 9.939800262451172
            },
            "eulerAngles": {
                "x": 0.0,
                "y": 180.0,
                "z": 0.0
            }
        },
        {
            "name": "salt#1",
            "position": {
                "x": -5.11299991607666,
                "y": 0.3199999928474426,
                "z": 3.500999927520752
            },
            "eulerAngles": {
                "x": 0.0,
                "y": 96.68999481201172,
                "z": 0.0
            }
        },
        {
            "name": "rabbit_doll#1",
            "position": {
                "x": -6.327000141143799,
                "y": 0.4960000216960907,
                "z": 3.549999952316284
            },
            "eulerAngles": {
                "x": 0.0,
                "y": 187.27999877929688,
                "z": 0.0
            }
        },
        {
            "name": "camera#1",
            "position": {
                "x": -0.2049999237060547,
                "y": 0.8559999465942383,
                "z": 7.911999702453613
            },
            "eulerAngles": {
                "x": 0.0,
                "y": 90.0,
                "z": 0.0
            }
        },
        {
            "name": "cigarette#1",
            "position": {
                "x": 1.9829998016357422,
                "y": 0.38499999046325686,
                "z": 3.9089999198913576
            },
            "eulerAngles": {
                "x": 0.0,
                "y": 270.0,
                "z": 0.0
            }
        },
        {
            "name": "sauce#1",
            "position": {
                "x": -7.936999797821045,
                "y": 0.6039999723434448,
                "z": 5.031000137329102
            },
            "eulerAngles": {
                "x": 0.0,
                "y": 180.0,
                "z": 0.0
            }
        },
        {
            "name": "toy_car#1",
            "position": {
                "x": -1.2779998779296876,
                "y": 0.8562999963760376,
                "z": 7.915999889373779
            },
            "eulerAngles": {
                "x": 0.0,
                "y": 0.0,
                "z": 0.0
            }
        },
        {
            "name": "sugar#1",
            "position": {
                "x": 1.7810001373291016,
                "y": 0.625,
                "z": 0.6540000438690186
            },
            "eulerAngles": {
                "x": 0.0,
                "y": 270.0,
                "z": 0.0
            }
        },
        {
            "name": "spray_bottle#1",
            "position": {
                "x": -7.488999843597412,
                "y": 0.6039999723434448,
                "z": 5.017000198364258
            },
            "eulerAngles": {
                "x": 0.0,
                "y": 180.0,
                "z": 0.0
            }
        },
        {
            "name": "empty_ketchup#1",
            "position": {
                "x": 1.1693000793457032,
                "y": 0.30059999227523806,
                "z": 9.939899444580079
            },
            "eulerAngles": {
                "x": 0.0,
                "y": 180.0,
                "z": 0.0
            }
        },
        {
            "name": "bear_doll#1",
            "position": {
                "x": -0.49000000953674319,
                "y": 0.746399998664856,
                "z": 3.75
            },
            "eulerAngles": {
                "x": 0.0,
                "y": 81.37001037597656,
                "z": 0.0
            }
        },
        {
            "name": "soysauce#1",
            "position": {
                "x": -8.308000564575196,
                "y": 0.6039999723434448,
                "z": 5.008999824523926
            },
            "eulerAngles": {
                "x": 0.0,
                "y": 163.3000030517578,
                "z": 0.0
            }
        },
        {
            "name": "pink_cup#1",
            "position": {
                "x": 0.03800010681152344,
                "y": 0.7109999656677246,
                "z": 9.947000503540039
            },
            "eulerAngles": {
                "x": 0.0,
                "y": 180.0,
                "z": 0.0
            }
        },
        {
            "name": "ground_pepper#1",
            "position": {
                "x": -3.1469998359680177,
                "y": 0.4960000216960907,
                "z": 0.38299989700317385
            },
            "eulerAngles": {
                "x": 0.0,
                "y": 0.0,
                "z": 0.0
            }
        },
        {
            "name": "cubic_clock#1",
            "position": {
                "x": -6.681999683380127,
                "y": 0.4960000216960907,
                "z": 4.240600109100342
            },
            "eulerAngles": {
                "x": 0.0,
                "y": 270.0,
                "z": 0.0
            }
        },
        {
            "name": "matryoshka#1",
            "position": {
                "x": 0.4594998359680176,
                "y": 0.7109999656677246,
                "z": 9.942800521850586
            },
            "eulerAngles": {
                "x": 0.0,
                "y": 165.8000030517578,
                "z": 0.0
            }
        },
        {
            "name": "hourglass#1",
            "position": {
                "x": -2.0450000762939455,
                "y": 0.7459999918937683,
                "z": 2.7760000228881838
            },
            "eulerAngles": {
                "x": 0.0,
                "y": 90.0,
                "z": 0.0
            }
        },
        {
            "name": "canned_juice#1",
            "position": {
                "x": -8.651000022888184,
                "y": 0.4480000138282776,
                "z": 1.4200000762939454
            },
            "eulerAngles": {
                "x": 0.0,
                "y": 90.0,
                "z": 0.0
            }
        },
        {
            "name": "filled_ketchup#1",
            "position": {
                "x": 1.0840001106262208,
                "y": 0.7106999754905701,
                "z": 9.953100204467774
            },
            "eulerAngles": {
                "x": 0.0,
                "y": 179.60000610351563,
                "z": 0.0
            }
        },
        {
            "name": "dog_doll#1",
            "position": {
                "x": -5.116999626159668,
                "y": 0.6799999475479126,
                "z": 3.368000030517578
            },
            "eulerAngles": {
                "x": 0.0,
                "y": 74.80001068115235,
                "z": 0.0
            }
        },
        {
            "name": "empty_plastic_bottle#1",
            "position": {
                "x": -6.664000034332275,
                "y": 0.4960000216960907,
                "z": 3.7360000610351564
            },
            "eulerAngles": {
                "x": 0.0,
                "y": 270.0,
                "z": 0.0
            }
        },
        {
            "name": "nursing_bottle#1",
            "position": {
                "x": -0.5329999923706055,
                "y": 0.30059999227523806,
                "z": 9.938799858093262
            },
            "eulerAngles": {
                "x": 0.0,
                "y": 180.0,
                "z": 0.0
            }
        },
        {
            "name": "filled_plastic_bottle#1",
            "position": {
                "x": -2.482300043106079,
                "y": 0.746399998664856,
                "z": 3.2669999599456789
            },
            "eulerAngles": {
                "x": 0.0,
                "y": 270.0,
                "z": 0.0
            }
        },
        {
            "name": "toy_duck#1",
            "position": {
                "x": -2.177000045776367,
                "y": 0.8562999963760376,
                "z": 7.925999641418457
            },
            "eulerAngles": {
                "x": 0.0,
                "y": 270.0,
                "z": 0.0
            }
        },
        {
            "name": "toy_penguin#1",
            "position": {
                "x": -4.086999893188477,
                "y": 0.4960000216960907,
                "z": 0.3680000305175781
            },
            "eulerAngles": {
                "x": 0.0,
                "y": 0.0,
                "z": 0.0
            }
        },
        {
            "name": "white_cup#1",
            "position": {
                "x": -0.47599995136260989,
                "y": 0.746399998664856,
                "z": 4.419000148773193
            },
            "eulerAngles": {
                "x": 0.0,
                "y": 90.0,
                "z": 0.0
            }
        },
        {
            "name": "apple#1",
            "position": {
                "x": -2.3469998836517336,
                "y": 0.7459999918937683,
                "z": 4.5879998207092289
            },
            "eulerAngles": {
                "x": 0.0,
                "y": 274.1000061035156,
                "z": 0.0
            }
        }
    ],
    "destinationsPositions": [
        {
            "name": "white_side_table#living_room",
            "position": {
                "x": -3.6500000953674318,
                "y": 0.0,
                "z": 0.09000015258789063
            },
            "eulerAngles": {
                "x": 0.0,
                "y": 0.0,
                "z": 0.0
            }
        },
        {
            "name": "trash_box_for_burnable#living_room",
            "position": {
                "x": 2.1399998664855959,
                "y": 0.0,
                "z": 5.059999942779541
            },
            "eulerAngles": {
                "x": 0.000009334667083749082,
                "y": 0.0,
                "z": 0.0
            }
        },
        {
            "name": "dining_table#living_room_1",
            "position": {
                "x": -1.409999966621399,
                "y": 0.0,
                "z": 4.179999828338623
            },
            "eulerAngles": {
                "x": 0.0,
                "y": 0.0,
                "z": 0.0
            }
        },
        {
            "name": "dining_table#living_room_2",
            "position": {
                "x": -1.409999966621399,
                "y": 0.0,
                "z": 3.1469998359680177
            },
            "eulerAngles": {
                "x": 0.0,
                "y": 0.0,
                "z": 0.0
            }
        },
        {
            "name": "wooden_shelf#living_room",
            "position": {
                "x": -5.220000267028809,
                "y": 0.0,
                "z": 3.4700000286102297
            },
            "eulerAngles": {
                "x": 0.0,
                "y": 90.0,
                "z": 0.0
            }
        },
        {
            "name": "wooden_side_table#living_room",
            "position": {
                "x": 2.0190000534057619,
                "y": 0.0,
                "z": 3.885999917984009
            },
            "eulerAngles": {
                "x": 0.0,
                "y": 90.0,
                "z": 0.0
            }
        },
        {
            "name": "trash_box_for_bottle_can#kitchen_1",
            "position": {
                "x": -5.170000076293945,
                "y": 0.0,
                "z": 7.519999980926514
            },
            "eulerAngles": {
                "x": 0.0,
                "y": 180.0,
                "z": 0.0
            }
        },
        {
            "name": "trash_box_for_bottle_can#kitchen_2",
            "position": {
                "x": -3.3509998321533205,
                "y": 0.0,
                "z": 9.979999542236329
            },
            "eulerAngles": {
                "x": 0.0,
                "y": 270.0,
                "z": 0.0
            }
        },
        {
            "name": "trash_box_for_recycle#kitchen",
            "position": {
                "x": -5.180000305175781,
                "y": 0.0,
                "z": 8.319999694824219
            },
            "eulerAngles": {
                "x": 0.0,
                "y": 180.0,
                "z": 0.0
            }
        },
        {
            "name": "trash_box_for_burnable#kitchen",
            "position": {
                "x": -2.4600000381469728,
                "y": 0.0,
                "z": 9.982999801635743
            },
            "eulerAngles": {
                "x": 0.0,
                "y": 270.0,
                "z": 0.0
            }
        },
        {
            "name": "round_low_table#bedroom",
            "position": {
                "x": -8.847000122070313,
                "y": 0.0,
                "z": 1.1519999504089356
            },
            "eulerAngles": {
                "x": 0.0,
                "y": 90.0,
                "z": 0.0
            }
        },
        {
            "name": "iron_bed#bedroom",
            "position": {
                "x": -8.59000015258789,
                "y": 0.0,
                "z": 5.449999809265137
            },
            "eulerAngles": {
                "x": 0.0,
                "y": 90.0,
                "z": 0.0
            }
        },
        {
            "name": "white_side_table#bedroom",
            "position": {
                "x": -6.442999839782715,
                "y": 0.0,
                "z": 4.144999980926514
            },
            "eulerAngles": {
                "x": 0.0,
                "y": 90.0,
                "z": 0.0
            }
        },
        {
            "name": "cardboard_box#bedroom",
            "position": {
                "x": -8.96299934387207,
                "y": 0.21799999475479127,
                "z": 2.2089998722076418
            },
            "eulerAngles": {
                "x": 0.0,
                "y": 90.0,
                "z": 0.0
            }
        },
        {
            "name": "Moderator",
            "position": {
                "x": 0.0,
                "y": 0.0,
                "z": 0.0
            },
            "eulerAngles": {
                "x": 0.0,
                "y": 0.0,
                "z": 0.0
            }
        }
    ]
}
