{
    "taskMessage": "Go to the kitchen, grasp the cubic_clock on the wooden_side_table and put it on the square_low_table in the living room carefully.",
    "correctedTaskMessage": "",
    "environmentName": "Layout2019HM01",
    "isEnvironmentNameSent": true,
    "graspingTargetName": "cubic_clock#1",
    "destinationName": "square_low_table#living_room",
    "graspablesPositions": [
        {
            "name": "sauce#1",
            "position": {
                "x": 2.2200000286102297,
                "y": 0.39100000262260439,
                "z": 10.40999984741211
            },
            "eulerAngles": {
                "x": 0.0,
                "y": 117.39999389648438,
                "z": 0.0
            }
        },
        {
            "name": "toy_duck#1",
            "position": {
                "x": -4.870999813079834,
                "y": 0.8560000061988831,
                "z": 10.284000396728516
            },
            "eulerAngles": {
                "x": 0.0,
                "y": 180.0,
                "z": 0.0
            }
        },
        {
            "name": "toy_penguin#1",
            "position": {
                "x": -5.879000186920166,
                "y": 0.7709999680519104,
                "z": 2.797999858856201
            },
            "eulerAngles": {
                "x": 0.0,
                "y": 70.89999389648438,
                "z": 0.0
            }
        },
        {
            "name": "toy_car#1",
            "position": {
                "x": 6.590000152587891,
                "y": 0.49619999527931216,
                "z": 2.490000009536743
            },
            "eulerAngles": {
                "x": 0.0,
                "y": 302.29998779296877,
                "z": 0.0
            }
        },
        {
            "name": "tumbler#1",
            "position": {
                "x": 2.1700000762939455,
                "y": 0.49619999527931216,
                "z": 11.059999465942383
            },
            "eulerAngles": {
                "x": 0.0,
                "y": 112.79000091552735,
                "z": 0.0
            }
        },
        {
            "name": "empty_ketchup#1",
            "position": {
                "x": -3.1599998474121095,
                "y": 0.7459999918937683,
                "z": 7.855999946594238
            },
            "eulerAngles": {
                "x": 0.0,
                "y": 270.0,
                "z": 0.0
            }
        },
        {
            "name": "filled_ketchup#1",
            "position": {
                "x": -5.8420000076293949,
                "y": 0.765999972820282,
                "z": 1.2289998531341553
            },
            "eulerAngles": {
                "x": 0.0,
                "y": 84.99999237060547,
                "z": 0.0
            }
        },
        {
            "name": "apple#1",
            "position": {
                "x": 6.440999984741211,
                "y": 0.4699999988079071,
                "z": 1.0959997177124024
            },
            "eulerAngles": {
                "x": 0.0,
                "y": 289.6999816894531,
                "z": 0.0
            }
        },
        {
            "name": "cigarette#1",
            "position": {
                "x": 6.816999912261963,
                "y": 0.49619999527931216,
                "z": 10.729999542236329
            },
            "eulerAngles": {
                "x": 0.0,
                "y": 180.0,
                "z": 0.0
            }
        },
        {
            "name": "nursing_bottle#1",
            "position": {
                "x": -2.6100001335144045,
                "y": 0.7109999656677246,
                "z": 10.969999313354493
            },
            "eulerAngles": {
                "x": 0.0,
                "y": 171.29998779296876,
                "z": 0.0
            }
        },
        {
            "name": "camera#1",
            "position": {
                "x": 0.6200000047683716,
                "y": 0.4960000216960907,
                "z": 3.8959999084472658
            },
            "eulerAngles": {
                "x": 0.0,
                "y": 0.0,
                "z": 0.0
            }
        },
        {
            "name": "salt#1",
            "position": {
                "x": 2.9099998474121095,
                "y": 0.3100000023841858,
                "z": 0.09999990463256836
            },
            "eulerAngles": {
                "x": 0.0,
                "y": 9.770000457763672,
                "z": 0.0
            }
        },
        {
            "name": "empty_plastic_bottle#1",
            "position": {
                "x": 2.315999984741211,
                "y": 0.49619999527931216,
                "z": 10.142999649047852
            },
            "eulerAngles": {
                "x": 0.0,
                "y": 90.0,
                "z": 0.0
            }
        },
        {
            "name": "rabbit_doll#1",
            "position": {
                "x": -3.6999998092651369,
                "y": 0.7459999918937683,
                "z": 7.75
            },
            "eulerAngles": {
                "x": 0.0,
                "y": 270.0,
                "z": 0.0
            }
        },
        {
            "name": "white_cup#1",
            "position": {
                "x": -4.005000114440918,
                "y": 0.47200003266334536,
                "z": 0.4609999656677246
            },
            "eulerAngles": {
                "x": 0.0,
                "y": 0.0,
                "z": 0.0
            }
        },
        {
            "name": "spray_bottle#1",
            "position": {
                "x": 6.877999782562256,
                "y": 0.4960000216960907,
                "z": 3.049999952316284
            },
            "eulerAngles": {
                "x": 0.0,
                "y": 0.0,
                "z": 0.0
            }
        },
        {
            "name": "bear_doll#1",
            "position": {
                "x": 3.940999984741211,
                "y": 0.5499999523162842,
                "z": 7.529999732971191
            },
            "eulerAngles": {
                "x": 0.0,
                "y": 90.0,
                "z": 0.0
            }
        },
        {
            "name": "hourglass#1",
            "position": {
                "x": -3.381999969482422,
                "y": 0.30100002884864809,
                "z": 10.878000259399414
            },
            "eulerAngles": {
                "x": 0.0,
                "y": 180.0,
                "z": 0.0
            }
        },
        {
            "name": "sugar#1",
            "position": {
                "x": 0.5899999737739563,
                "y": 0.6809999942779541,
                "z": 3.129999876022339
            },
            "eulerAngles": {
                "x": 0.0,
                "y": 268.20001220703127,
                "z": 0.0
            }
        },
        {
            "name": "canned_juice#1",
            "position": {
                "x": 3.0799999237060549,
                "y": 0.6399999856948853,
                "z": 0.10899972915649414
            },
            "eulerAngles": {
                "x": 0.0,
                "y": 0.0,
                "z": 0.0
            }
        },
        {
            "name": "pink_cup#1",
            "position": {
                "x": 5.748000144958496,
                "y": 0.4960000216960907,
                "z": 10.757999420166016
            },
            "eulerAngles": {
                "x": 0.0,
                "y": 202.99998474121095,
                "z": 0.0
            }
        },
        {
            "name": "ground_pepper#1",
            "position": {
                "x": -3.9809999465942385,
                "y": 0.8560000061988831,
                "z": 10.315999984741211
            },
            "eulerAngles": {
                "x": 0.0,
                "y": 120.19998931884766,
                "z": 0.0
            }
        },
        {
            "name": "dog_doll#1",
            "position": {
                "x": -3.321000099182129,
                "y": 0.4440000057220459,
                "z": 2.3899998664855959
            },
            "eulerAngles": {
                "x": 0.0,
                "y": 90.0,
                "z": 0.0
            }
        },
        {
            "name": "rubik's_cube#1",
            "position": {
                "x": 6.546000003814697,
                "y": 0.4960000216960907,
                "z": 1.801999807357788
            },
            "eulerAngles": {
                "x": 0.0,
                "y": 263.5,
                "z": 0.0
            }
        },
        {
            "name": "matryoshka#1",
            "position": {
                "x": 6.150000095367432,
                "y": 0.49619999527931216,
                "z": 10.73699951171875
            },
            "eulerAngles": {
                "x": 0.0,
                "y": 180.0,
                "z": 0.0
            }
        },
        {
            "name": "cubic_clock#1",
            "position": {
                "x": -1.3900001049041749,
                "y": 0.38100001215934756,
                "z": 6.159999847412109
            },
            "eulerAngles": {
                "x": 0.0,
                "y": 0.0,
                "z": 0.0
            }
        },
        {
            "name": "filled_plastic_bottle#1",
            "position": {
                "x": 0.531000018119812,
                "y": 0.5009999871253967,
                "z": 2.6389999389648439
            },
            "eulerAngles": {
                "x": 0.0,
                "y": 256.5899963378906,
                "z": 0.0
            }
        },
        {
            "name": "soysauce#1",
            "position": {
                "x": 2.8980000019073488,
                "y": 0.9695999622344971,
                "z": 0.13100004196166993
            },
            "eulerAngles": {
                "x": 0.0,
                "y": 0.0,
                "z": 0.0
            }
        }
    ],
    "destinationsPositions": [
        {
            "name": "white_side_table#lobby",
            "position": {
                "x": 6.815000057220459,
                "y": 0.0,
                "z": 2.379999876022339
            },
            "eulerAngles": {
                "x": 0.0,
                "y": 90.0,
                "z": 0.0
            }
        },
        {
            "name": "corner_sofa#lobby",
            "position": {
                "x": 6.64900016784668,
                "y": 0.0,
                "z": 0.9270000457763672
            },
            "eulerAngles": {
                "x": 0.0,
                "y": 0.0,
                "z": 0.0
            }
        },
        {
            "name": "armchair#lobby",
            "position": {
                "x": 2.319999933242798,
                "y": 0.0,
                "z": 3.3320000171661379
            },
            "eulerAngles": {
                "x": 0.0,
                "y": 90.0,
                "z": 0.0
            }
        },
        {
            "name": "trash_box_for_recycle#living_room",
            "position": {
                "x": -1.1800000667572022,
                "y": 0.0,
                "z": -0.07000017166137696
            },
            "eulerAngles": {
                "x": 0.000018669334167498164,
                "y": 0.0,
                "z": 0.0
            }
        },
        {
            "name": "trash_box_for_burnable#living_room",
            "position": {
                "x": -2.3499999046325685,
                "y": 0.0,
                "z": -0.07000017166137696
            },
            "eulerAngles": {
                "x": 0.000009334667083749082,
                "y": 0.0,
                "z": 0.0
            }
        },
        {
            "name": "trash_box_for_bottle_can#lobby",
            "position": {
                "x": 2.0829999446868898,
                "y": 0.0,
                "z": -0.1100001335144043
            },
            "eulerAngles": {
                "x": 0.0,
                "y": 0.0,
                "z": 0.0
            }
        },
        {
            "name": "white_side_table#living_room",
            "position": {
                "x": 0.7799999713897705,
                "y": 0.0,
                "z": 3.2189998626708986
            },
            "eulerAngles": {
                "x": 0.0,
                "y": 90.0,
                "z": 0.0
            }
        },
        {
            "name": "square_low_table#living_room",
            "position": {
                "x": -3.8299999237060549,
                "y": 0.0,
                "z": 2.242999792098999
            },
            "eulerAngles": {
                "x": 0.0,
                "y": 0.0,
                "z": 0.0
            }
        },
        {
            "name": "dining_table#kitchen",
            "position": {
                "x": -3.4200000762939455,
                "y": 0.0,
                "z": 7.809999942779541
            },
            "eulerAngles": {
                "x": 0.0,
                "y": 90.0,
                "z": 0.0
            }
        },
        {
            "name": "wooden_side_table#kitchen",
            "position": {
                "x": -1.369999885559082,
                "y": 0.0,
                "z": 5.881999969482422
            },
            "eulerAngles": {
                "x": 0.0,
                "y": 90.0,
                "z": 0.0
            }
        },
        {
            "name": "white_side_table#bedroom_1",
            "position": {
                "x": 6.408999919891357,
                "y": 0.0,
                "z": 11.00286865234375
            },
            "eulerAngles": {
                "x": 0.0,
                "y": 0.0,
                "z": 0.0
            }
        },
        {
            "name": "white_side_table#bedroom_2",
            "position": {
                "x": 2.0399999618530275,
                "y": 0.0,
                "z": 10.536999702453614
            },
            "eulerAngles": {
                "x": 0.0,
                "y": 90.0,
                "z": 0.0
            }
        },
        {
            "name": "wooden_bed#bedroom",
            "position": {
                "x": 2.0899999141693117,
                "y": 0.0,
                "z": 8.074999809265137
            },
            "eulerAngles": {
                "x": 0.0,
                "y": 90.0,
                "z": 0.0
            }
        },
        {
            "name": "wagon#bedroom",
            "position": {
                "x": 2.1600000858306886,
                "y": 0.0,
                "z": 9.279999732971192
            },
            "eulerAngles": {
                "x": 0.0,
                "y": 0.0,
                "z": 0.0
            }
        },
        {
            "name": "cardboard_box#bedroom",
            "position": {
                "x": 4.970000267028809,
                "y": 0.21799999475479127,
                "z": 10.850000381469727
            },
            "eulerAngles": {
                "x": 0.0,
                "y": 0.0,
                "z": 0.0
            }
        },
        {
            "name": "Moderator",
            "position": {
                "x": 0.0,
                "y": 0.0,
                "z": 0.0
            },
            "eulerAngles": {
                "x": 0.0,
                "y": 0.0,
                "z": 0.0
            }
        }
    ]
}
