{
  "taskMessage": "Go to the living room, grasp the filled_ketchup on the white_side_table and go to the bedroom, put it on the white_side_table.",
  "correctedTaskMessage": "",
  "environmentName": "Layout2020HM01",
  "isEnvironmentNameSent": true,
  "graspingTargetName": "filled_ketchup#1",
  "destinationName": "white_side_table#bedroom",
  "graspablesPositions": [
    {
      "name": "hourglass#1",
      "position": {
        "x": -8.829999923706055,
        "y": 0.4482000172138214,
        "z": 0.7200000286102295
      },
      "eulerAngles": {
        "x": 0.0,
        "y": 96.80000305175781,
        "z": 0.0
      }
    },
    {
      "name": "rabbit_doll#1",
      "position": {
        "x": 0.4200000762939453,
        "y": 0.7109999656677246,
        "z": 10.25
      },
      "eulerAngles": {
        "x": 0.0,
        "y": 165.8000030517578,
        "z": 0.0
      }
    },
    {
      "name": "empty_ketchup#1",
      "position": {
        "x": 1.8400001525878907,
        "y": 1.024999976158142,
        "z": 1.1800000667572022
      },
      "eulerAngles": {
        "x": 0.0,
        "y": 270.0,
        "z": 0.0
      }
    },
    {
      "name": "rubik's_cube#1",
      "position": {
        "x": -6.420000076293945,
        "y": 0.4960000216960907,
        "z": 3.4600000381469728
      },
      "eulerAngles": {
        "x": 0.0,
        "y": 187.27999877929688,
        "z": 0.0
      }
    },
    {
      "name": "pink_cup#1",
      "position": {
        "x": -0.2049999237060547,
        "y": 0.8559999465942383,
        "z": 7.911999702453613
      },
      "eulerAngles": {
        "x": 0.0,
        "y": 90.0,
        "z": 0.0
      }
    },
    {
      "name": "filled_ketchup#1",
      "position": {
        "x": -3.7170000076293947,
        "y": 0.4960000216960907,
        "z": 0.3250000476837158
      },
      "eulerAngles": {
        "x": 0.0,
        "y": 0.0,
        "z": 0.0
      }
    },
    {
      "name": "cubic_clock#1",
      "position": {
        "x": -8.699999809265137,
        "y": 0.4480000138282776,
        "z": 1.559999942779541
      },
      "eulerAngles": {
        "x": 0.0,
        "y": 90.0,
        "z": 0.0
      }
    },
    {
      "name": "nursing_bottle#1",
      "position": {
        "x": 1.2599999904632569,
        "y": 0.7106999754905701,
        "z": 9.969999313354493
      },
      "eulerAngles": {
        "x": 0.0,
        "y": 179.60000610351563,
        "z": 0.0
      }
    },
    {
      "name": "salt#1",
      "position": {
        "x": -0.38999998569488528,
        "y": 0.746399998664856,
        "z": 2.799999952316284
      },
      "eulerAngles": {
        "x": 0.0,
        "y": 90.0,
        "z": 0.0
      }
    },
    {
      "name": "dog_doll#1",
      "position": {
        "x": -7.62999963760376,
        "y": 0.6039999723434448,
        "z": 5.300000190734863
      },
      "eulerAngles": {
        "x": 0.0,
        "y": 180.0,
        "z": 0.0
      }
    },
    {
      "name": "apple#1",
      "position": {
        "x": -1.2800002098083497,
        "y": 0.8562999963760376,
        "z": 7.599999904632568
      },
      "eulerAngles": {
        "x": 0.0,
        "y": 0.0,
        "z": 0.0
      }
    },
    {
      "name": "tumbler#1",
      "position": {
        "x": -2.069999933242798,
        "y": 0.7459999918937683,
        "z": 2.7009999752044679
      },
      "eulerAngles": {
        "x": 0.0,
        "y": 90.0,
        "z": 0.0
      }
    },
    {
      "name": "spray_bottle#1",
      "position": {
        "x": -7.849999904632568,
        "y": 0.6039999723434448,
        "z": 5.069999694824219
      },
      "eulerAngles": {
        "x": 0.0,
        "y": 180.0,
        "z": 0.0
      }
    },
    {
      "name": "filled_plastic_bottle#1",
      "position": {
        "x": 0.24000024795532227,
        "y": 0.7109999656677246,
        "z": 9.960000038146973
      },
      "eulerAngles": {
        "x": 0.0,
        "y": 180.0,
        "z": 0.0
      }
    },
    {
      "name": "toy_duck#1",
      "position": {
        "x": -5.109999656677246,
        "y": 0.32100000977516177,
        "z": 3.679999828338623
      },
      "eulerAngles": {
        "x": 0.0,
        "y": 96.68999481201172,
        "z": 0.0
      }
    },
    {
      "name": "sauce#1",
      "position": {
        "x": -6.539999961853027,
        "y": 0.4960000216960907,
        "z": 4.21999979019165
      },
      "eulerAngles": {
        "x": 0.0,
        "y": 270.0,
        "z": 0.0
      }
    },
    {
      "name": "white_cup#1",
      "position": {
        "x": 1.4700000286102296,
        "y": 0.7106999754905701,
        "z": 10.010000228881836
      },
      "eulerAngles": {
        "x": 0.0,
        "y": 180.0,
        "z": 0.0
      }
    },
    {
      "name": "soysauce#1",
      "position": {
        "x": 2.0500001907348635,
        "y": 0.38499999046325686,
        "z": 3.7100000381469728
      },
      "eulerAngles": {
        "x": 0.0,
        "y": 270.0,
        "z": 0.0
      }
    },
    {
      "name": "bear_doll#1",
      "position": {
        "x": -6.690000057220459,
        "y": 0.4960000216960907,
        "z": 3.9200000762939455
      },
      "eulerAngles": {
        "x": 0.0,
        "y": 270.0,
        "z": 0.0
      }
    },
    {
      "name": "cigarette#1",
      "position": {
        "x": -0.3600001335144043,
        "y": 0.30059999227523806,
        "z": 9.949999809265137
      },
      "eulerAngles": {
        "x": 0.0,
        "y": 180.0,
        "z": 0.0
      }
    },
    {
      "name": "toy_penguin#1",
      "position": {
        "x": -2.379999876022339,
        "y": 0.746399998664856,
        "z": 3.179999828338623
      },
      "eulerAngles": {
        "x": 0.0,
        "y": 270.0,
        "z": 0.0
      }
    },
    {
      "name": "matryoshka#1",
      "position": {
        "x": -8.629999160766602,
        "y": 0.6039999723434448,
        "z": 4.989999771118164
      },
      "eulerAngles": {
        "x": 0.0,
        "y": 163.3000030517578,
        "z": 0.0
      }
    },
    {
      "name": "toy_car#1",
      "position": {
        "x": -2.177000045776367,
        "y": 0.8562999963760376,
        "z": 7.925999641418457
      },
      "eulerAngles": {
        "x": 0.0,
        "y": 270.0,
        "z": 0.0
      }
    },
    {
      "name": "sugar#1",
      "position": {
        "x": -2.109999895095825,
        "y": 0.7459999918937683,
        "z": 4.309999942779541
      },
      "eulerAngles": {
        "x": 0.0,
        "y": 274.1000061035156,
        "z": 0.0
      }
    },
    {
      "name": "ground_pepper#1",
      "position": {
        "x": 0.9900000095367432,
        "y": 0.30059999227523806,
        "z": 10.010000228881836
      },
      "eulerAngles": {
        "x": 0.0,
        "y": 180.0,
        "z": 0.0
      }
    },
    {
      "name": "empty_plastic_bottle#1",
      "position": {
        "x": -1.0299999713897706,
        "y": 0.746399998664856,
        "z": 4.590000152587891
      },
      "eulerAngles": {
        "x": 0.0,
        "y": 90.0,
        "z": 0.0
      }
    },
    {
      "name": "canned_juice#1",
      "position": {
        "x": -3.183000087738037,
        "y": 0.4960000216960907,
        "z": 0.2259998321533203
      },
      "eulerAngles": {
        "x": 0.0,
        "y": 0.0,
        "z": 0.0
      }
    },
    {
      "name": "camera#1",
      "position": {
        "x": 1.820000171661377,
        "y": 0.625,
        "z": 0.3899998664855957
      },
      "eulerAngles": {
        "x": 0.0,
        "y": 270.0,
        "z": 0.0
      }
    }
  ],
  "destinationsPositions": [
    {
      "name": "white_side_table#living_room",
      "position": {
        "x": -3.6500000953674318,
        "y": 0.0,
        "z": 0.09000015258789063
      },
      "eulerAngles": {
        "x": 0.0,
        "y": 0.0,
        "z": 0.0
      }
    },
    {
      "name": "trash_box_for_burnable#living_room",
      "position": {
        "x": 2.1399998664855959,
        "y": 0.0,
        "z": 5.059999942779541
      },
      "eulerAngles": {
        "x": 0.000009334667083749082,
        "y": 0.0,
        "z": 0.0
      }
    },
    {
      "name": "dining_table#living_room_1",
      "position": {
        "x": -1.409999966621399,
        "y": 0.0,
        "z": 4.179999828338623
      },
      "eulerAngles": {
        "x": 0.0,
        "y": 0.0,
        "z": 0.0
      }
    },
    {
      "name": "dining_table#living_room_2",
      "position": {
        "x": -1.409999966621399,
        "y": 0.0,
        "z": 3.1469998359680177
      },
      "eulerAngles": {
        "x": 0.0,
        "y": 0.0,
        "z": 0.0
      }
    },
    {
      "name": "wooden_shelf#living_room",
      "position": {
        "x": -5.220000267028809,
        "y": 0.0,
        "z": 3.4700000286102297
      },
      "eulerAngles": {
        "x": 0.0,
        "y": 90.0,
        "z": 0.0
      }
    },
    {
      "name": "wooden_side_table#living_room",
      "position": {
        "x": 2.0190000534057619,
        "y": 0.0,
        "z": 3.885999917984009
      },
      "eulerAngles": {
        "x": 0.0,
        "y": 90.0,
        "z": 0.0
      }
    },
    {
      "name": "trash_box_for_bottle_can#kitchen_1",
      "position": {
        "x": -5.170000076293945,
        "y": 0.0,
        "z": 7.519999980926514
      },
      "eulerAngles": {
        "x": 0.0,
        "y": 180.0,
        "z": 0.0
      }
    },
    {
      "name": "trash_box_for_bottle_can#kitchen_2",
      "position": {
        "x": -3.3509998321533205,
        "y": 0.0,
        "z": 9.979999542236329
      },
      "eulerAngles": {
        "x": 0.0,
        "y": 270.0,
        "z": 0.0
      }
    },
    {
      "name": "trash_box_for_recycle#kitchen",
      "position": {
        "x": -5.180000305175781,
        "y": 0.0,
        "z": 8.319999694824219
      },
      "eulerAngles": {
        "x": 0.0,
        "y": 180.0,
        "z": 0.0
      }
    },
    {
      "name": "trash_box_for_burnable#kitchen",
      "position": {
        "x": -2.4600000381469728,
        "y": 0.0,
        "z": 9.982999801635743
      },
      "eulerAngles": {
        "x": 0.0,
        "y": 270.0,
        "z": 0.0
      }
    },
    {
      "name": "round_low_table#bedroom",
      "position": {
        "x": -8.847000122070313,
        "y": 0.0,
        "z": 1.1519999504089356
      },
      "eulerAngles": {
        "x": 0.0,
        "y": 90.0,
        "z": 0.0
      }
    },
    {
      "name": "iron_bed#bedroom",
      "position": {
        "x": -8.59000015258789,
        "y": 0.0,
        "z": 5.449999809265137
      },
      "eulerAngles": {
        "x": 0.0,
        "y": 90.0,
        "z": 0.0
      }
    },
    {
      "name": "white_side_table#bedroom",
      "position": {
        "x": -6.5,
        "y": 0.0,
        "z": 4.099999904632568
      },
      "eulerAngles": {
        "x": 0.0,
        "y": 90.0,
        "z": 0.0
      }
    },
    {
      "name": "cardboard_box#bedroom",
      "position": {
        "x": -8.96299934387207,
        "y": 0.21799999475479127,
        "z": 2.2089998722076418
      },
      "eulerAngles": {
        "x": 0.0,
        "y": 90.0,
        "z": 0.0
      }
    },
    {
      "name": "Moderator",
      "position": {
        "x": 0.0,
        "y": 0.0,
        "z": 0.0
      },
      "eulerAngles": {
        "x": 0.0,
        "y": 0.0,
        "z": 0.0
      }
    }
  ]
}
