﻿{
    "taskMessage": "Go to the living room, grasp the toy_penguin on the wide_shelf and throw it in the cardboard_box.",
    "correctedTaskMessage": "",
    "environmentName": "Layout2020HM01",
    "isEnvironmentNameSent": true,
    "graspingTargetName": "toy_penguin#1",
    "destinationName": "cardboard_box#bedroom",
    "graspablesPositions": [
        {
            "name": "empty_plastic_bottle#1",
            "position": {
                "x": -6.239999771118164,
                "y": 0.4960000216960907,
                "z": 3.433499813079834
            },
            "eulerAngles": {
                "x": 0.0,
                "y": 180.0,
                "z": 0.0
            }
        },
        {
            "name": "rubik's_cube#1",
            "position": {
                "x": -0.2049999237060547,
                "y": 0.8559999465942383,
                "z": 7.88100004196167
            },
            "eulerAngles": {
                "x": 0.0,
                "y": 90.0,
                "z": 0.0
            }
        },
        {
            "name": "hourglass#1",
            "position": {
                "x": -2.0889999866485597,
                "y": 0.7459999918937683,
                "z": 2.7009999752044679
            },
            "eulerAngles": {
                "x": 0.0,
                "y": 90.0,
                "z": 0.0
            }
        },
        {
            "name": "canned_juice#1",
            "position": {
                "x": -6.740200042724609,
                "y": 0.4960000216960907,
                "z": 4.269999980926514
            },
            "eulerAngles": {
                "x": 0.0,
                "y": 270.0,
                "z": 0.0
            }
        },
        {
            "name": "filled_ketchup#1",
            "position": {
                "x": -0.4344000816345215,
                "y": 0.30059999227523806,
                "z": 9.938799858093262
            },
            "eulerAngles": {
                "x": 0.0,
                "y": 180.0,
                "z": 0.0
            }
        },
        {
            "name": "apple#1",
            "position": {
                "x": -3.2339999675750734,
                "y": 0.4960000216960907,
                "z": 0.38299989700317385
            },
            "eulerAngles": {
                "x": 0.0,
                "y": 0.0,
                "z": 0.0
            }
        },
        {
            "name": "nursing_bottle#1",
            "position": {
                "x": -7.952000141143799,
                "y": 0.6039999723434448,
                "z": 4.960999965667725
            },
            "eulerAngles": {
                "x": 0.0,
                "y": 180.0,
                "z": 0.0
            }
        },
        {
            "name": "cigarette#1",
            "position": {
                "x": 1.156599998474121,
                "y": 0.7106999754905701,
                "z": 9.946000099182129
            },
            "eulerAngles": {
                "x": 0.0,
                "y": 180.0,
                "z": 0.0
            }
        },
        {
            "name": "game_controller#1",
            "position": {
                "x": 1.8478002548217774,
                "y": 0.38499999046325686,
                "z": 3.934999942779541
            },
            "eulerAngles": {
                "x": 0.0,
                "y": 270.0,
                "z": 0.0
            }
        },
        {
            "name": "toy_car#1",
            "position": {
                "x": -8.526000022888184,
                "y": 0.4480000138282776,
                "z": 1.1099998950958253
            },
            "eulerAngles": {
                "x": 0.0,
                "y": 90.0,
                "z": 0.0
            }
        },
        {
            "name": "dog_doll#1",
            "position": {
                "x": 0.08099985122680664,
                "y": 0.7109999656677246,
                "z": 9.947000503540039
            },
            "eulerAngles": {
                "x": 0.0,
                "y": 180.0,
                "z": 0.0
            }
        },
        {
            "name": "filled_plastic_bottle#1",
            "position": {
                "x": -2.482300043106079,
                "y": 0.746399998664856,
                "z": 3.088599920272827
            },
            "eulerAngles": {
                "x": 0.0,
                "y": 270.0,
                "z": 0.0
            }
        },
        {
            "name": "pink_cup#1",
            "position": {
                "x": -6.734699726104736,
                "y": 0.4960000216960907,
                "z": 3.881999969482422
            },
            "eulerAngles": {
                "x": 0.0,
                "y": 270.0,
                "z": 0.0
            }
        },
        {
            "name": "ground_pepper#1",
            "position": {
                "x": 1.6017000675201417,
                "y": 0.7106999754905701,
                "z": 9.939800262451172
            },
            "eulerAngles": {
                "x": 0.0,
                "y": 180.0,
                "z": 0.0
            }
        },
        {
            "name": "sugar#1",
            "position": {
                "x": -2.453000068664551,
                "y": 0.7459999918937683,
                "z": 4.60099983215332
            },
            "eulerAngles": {
                "x": 0.0,
                "y": 0.0,
                "z": 0.0
            }
        },
        {
            "name": "rabbit_doll#1",
            "position": {
                "x": -6.727099895477295,
                "y": 0.4960000216960907,
                "z": 3.5290000438690187
            },
            "eulerAngles": {
                "x": 0.0,
                "y": 270.0,
                "z": 0.0
            }
        },
        {
            "name": "sauce#1",
            "position": {
                "x": -2.2332000732421877,
                "y": 0.8562999963760376,
                "z": 7.916600227355957
            },
            "eulerAngles": {
                "x": 0.0,
                "y": 270.0,
                "z": 0.0
            }
        },
        {
            "name": "cubic_clock#1",
            "position": {
                "x": -4.065000057220459,
                "y": 0.4960000216960907,
                "z": 0.3680000305175781
            },
            "eulerAngles": {
                "x": 0.0,
                "y": 0.0,
                "z": 0.0
            }
        },
        {
            "name": "toy_duck#1",
            "position": {
                "x": -8.381999969482422,
                "y": 0.6039999723434448,
                "z": 4.9781999588012699
            },
            "eulerAngles": {
                "x": 0.0,
                "y": 180.0,
                "z": 0.0
            }
        },
        {
            "name": "tumbler#1",
            "position": {
                "x": -1.2262001037597657,
                "y": 0.8562999963760376,
                "z": 7.939700126647949
            },
            "eulerAngles": {
                "x": 0.0,
                "y": 0.0,
                "z": 0.0
            }
        },
        {
            "name": "empty_ketchup#1",
            "position": {
                "x": -0.3400000333786011,
                "y": 0.746399998664856,
                "z": 2.9110000133514406
            },
            "eulerAngles": {
                "x": 0.0,
                "y": 90.0,
                "z": 0.0
            }
        },
        {
            "name": "camera#1",
            "position": {
                "x": -7.553999900817871,
                "y": 0.6039999723434448,
                "z": 4.956999778747559
            },
            "eulerAngles": {
                "x": 0.0,
                "y": 180.0,
                "z": 0.0
            }
        },
        {
            "name": "spray_bottle#1",
            "position": {
                "x": 1.1470999717712403,
                "y": 0.30059999227523806,
                "z": 9.939899444580079
            },
            "eulerAngles": {
                "x": 0.0,
                "y": 180.0,
                "z": 0.0
            }
        },
        {
            "name": "toy_penguin#1",
            "position": {
                "x": 1.7810001373291016,
                "y": 0.625,
                "z": 0.8220000267028809
            },
            "eulerAngles": {
                "x": 0.0,
                "y": 270.0,
                "z": 0.0
            }
        },
        {
            "name": "bear_doll#1",
            "position": {
                "x": 0.48000001907348635,
                "y": 0.7109999656677246,
                "z": 9.95199966430664
            },
            "eulerAngles": {
                "x": 0.0,
                "y": 180.0,
                "z": 0.0
            }
        },
        {
            "name": "soysauce#1",
            "position": {
                "x": 1.7734999656677247,
                "y": 1.024999976158142,
                "z": 0.49199986457824709
            },
            "eulerAngles": {
                "x": 0.0,
                "y": 270.0,
                "z": 0.0
            }
        },
        {
            "name": "salt#1",
            "position": {
                "x": -0.3357999324798584,
                "y": 0.746399998664856,
                "z": 3.5894999504089357
            },
            "eulerAngles": {
                "x": 0.0,
                "y": 90.0,
                "z": 0.0
            }
        },
        {
            "name": "white_cup#1",
            "position": {
                "x": -0.3571000099182129,
                "y": 0.746399998664856,
                "z": 4.576600074768066
            },
            "eulerAngles": {
                "x": 0.0,
                "y": 90.0,
                "z": 0.0
            }
        }
    ],
    "destinationsPositions": [
        {
            "name": "white_side_table#living_room",
            "position": {
                "x": -3.6500000953674318,
                "y": 0.0,
                "z": 0.09000015258789063
            },
            "eulerAngles": {
                "x": 0.0,
                "y": 0.0,
                "z": 0.0
            }
        },
        {
            "name": "trash_box_for_burnable#living_room",
            "position": {
                "x": 2.1399998664855959,
                "y": 0.0,
                "z": 5.059999942779541
            },
            "eulerAngles": {
                "x": 0.000009334667083749082,
                "y": 0.0,
                "z": 0.0
            }
        },
        {
            "name": "dining_table#living_room_1",
            "position": {
                "x": -1.409999966621399,
                "y": 0.0,
                "z": 4.179999828338623
            },
            "eulerAngles": {
                "x": 0.0,
                "y": 0.0,
                "z": 0.0
            }
        },
        {
            "name": "dining_table#living_room_2",
            "position": {
                "x": -1.409999966621399,
                "y": 0.0,
                "z": 3.1469998359680177
            },
            "eulerAngles": {
                "x": 0.0,
                "y": 0.0,
                "z": 0.0
            }
        },
        {
            "name": "wooden_shelf#living_room",
            "position": {
                "x": -5.220000267028809,
                "y": 0.0,
                "z": 3.4700000286102297
            },
            "eulerAngles": {
                "x": 0.0,
                "y": 90.0,
                "z": 0.0
            }
        },
        {
            "name": "wooden_side_table#living_room",
            "position": {
                "x": 2.0190000534057619,
                "y": 0.0,
                "z": 3.885999917984009
            },
            "eulerAngles": {
                "x": 0.0,
                "y": 90.0,
                "z": 0.0
            }
        },
        {
            "name": "trash_box_for_bottle_can#kitchen_1",
            "position": {
                "x": -5.170000076293945,
                "y": 0.0,
                "z": 7.519999980926514
            },
            "eulerAngles": {
                "x": 0.0,
                "y": 180.0,
                "z": 0.0
            }
        },
        {
            "name": "trash_box_for_bottle_can#kitchen_2",
            "position": {
                "x": -3.3509998321533205,
                "y": 0.0,
                "z": 9.979999542236329
            },
            "eulerAngles": {
                "x": 0.0,
                "y": 270.0,
                "z": 0.0
            }
        },
        {
            "name": "trash_box_for_recycle#kitchen",
            "position": {
                "x": -5.180000305175781,
                "y": 0.0,
                "z": 8.319999694824219
            },
            "eulerAngles": {
                "x": 0.0,
                "y": 180.0,
                "z": 0.0
            }
        },
        {
            "name": "trash_box_for_burnable#kitchen",
            "position": {
                "x": -2.4600000381469728,
                "y": 0.0,
                "z": 9.982999801635743
            },
            "eulerAngles": {
                "x": 0.0,
                "y": 270.0,
                "z": 0.0
            }
        },
        {
            "name": "round_low_table#bedroom",
            "position": {
                "x": -8.847000122070313,
                "y": 0.0,
                "z": 1.1519999504089356
            },
            "eulerAngles": {
                "x": 0.0,
                "y": 90.0,
                "z": 0.0
            }
        },
        {
            "name": "iron_bed#bedroom",
            "position": {
                "x": -8.59000015258789,
                "y": 0.0,
                "z": 5.449999809265137
            },
            "eulerAngles": {
                "x": 0.0,
                "y": 90.0,
                "z": 0.0
            }
        },
        {
            "name": "white_side_table#bedroom",
            "position": {
                "x": -6.442999839782715,
                "y": 0.0,
                "z": 4.144999980926514
            },
            "eulerAngles": {
                "x": 0.0,
                "y": 90.0,
                "z": 0.0
            }
        },
        {
            "name": "cardboard_box#bedroom",
            "position": {
                "x": -8.96299934387207,
                "y": 0.21799999475479127,
                "z": 2.2089998722076418
            },
            "eulerAngles": {
                "x": 0.0,
                "y": 90.0,
                "z": 0.0
            }
        },
        {
            "name": "Moderator",
            "position": {
                "x": 0.0,
                "y": 0.0,
                "z": 0.0
            },
            "eulerAngles": {
                "x": 0.0,
                "y": 0.0,
                "z": 0.0
            }
        }
    ]
}
