﻿{
    "taskMessage": "Go to the bedroom, grasp the matryoshka on the white_side_table and put it on the wooden_bed.",
    "correctedTaskMessage": "",
    "environmentName": "Layout2021HM01",
    "isEnvironmentNameSent": true,
    "graspingTargetName": "matryoshka#1",
    "destinationName": "wooden_bed#bedroom",
    "graspablesPositions": [
        {
            "name": "camera#1",
            "position": {
                "x": 6.922999858856201,
                "y": 0.4960000216960907,
                "z": 2.8929998874664308
            },
            "eulerAngles": {
                "x": 0.0,
                "y": 90.0,
                "z": 0.0
            }
        },
        {
            "name": "cubic_clock#1",
            "position": {
                "x": -1.321000099182129,
                "y": 0.4985000193119049,
                "z": 2.614000082015991
            },
            "eulerAngles": {
                "x": 0.0,
                "y": 120.32710266113281,
                "z": 0.0
            }
        },
        {
            "name": "pink_cup#1",
            "position": {
                "x": 8.774295806884766,
                "y": 0.47228971123695376,
                "z": -5.1046366691589359
            },
            "eulerAngles": {
                "x": 0.0,
                "y": 180.0,
                "z": 0.0
            }
        },
        {
            "name": "bear_doll#1",
            "position": {
                "x": 10.498836517333985,
                "y": 0.5061015486717224,
                "z": 5.508857727050781
            },
            "eulerAngles": {
                "x": 0.0,
                "y": 90.0,
                "z": 0.0
            }
        },
        {
            "name": "filled_plastic_bottle#1",
            "position": {
                "x": 2.4589998722076418,
                "y": 0.7259999513626099,
                "z": -0.8890000581741333
            },
            "eulerAngles": {
                "x": 0.0,
                "y": 0.0,
                "z": 0.0
            }
        },
        {
            "name": "ground_pepper#1",
            "position": {
                "x": 9.109699249267579,
                "y": 0.7463734745979309,
                "z": -2.4160001277923586
            },
            "eulerAngles": {
                "x": 0.0,
                "y": 90.0,
                "z": 0.0
            }
        },
        {
            "name": "hourglass#1",
            "position": {
                "x": 10.93284797668457,
                "y": 0.550207793712616,
                "z": 2.666391372680664
            },
            "eulerAngles": {
                "x": 0.0,
                "y": 0.0,
                "z": 0.0
            }
        },
        {
            "name": "filled_ketchup#1",
            "position": {
                "x": 0.4199995994567871,
                "y": 0.6250000596046448,
                "z": 5.88700008392334
            },
            "eulerAngles": {
                "x": 0.0,
                "y": 202.45408630371095,
                "z": 0.0
            }
        },
        {
            "name": "spray_bottle#1",
            "position": {
                "x": 10.706999778747559,
                "y": 0.4960000216960907,
                "z": -3.1010000705718996
            },
            "eulerAngles": {
                "x": 0.0,
                "y": 224.64320373535157,
                "z": 0.0
            }
        },
        {
            "name": "matryoshka#1",
            "position": {
                "x": 6.895999908447266,
                "y": 0.4960000216960907,
                "z": 3.4159998893737795
            },
            "eulerAngles": {
                "x": 0.0,
                "y": 67.22630310058594,
                "z": 0.0
            }
        },
        {
            "name": "toy_penguin#1",
            "position": {
                "x": -0.9679999351501465,
                "y": 0.6919999718666077,
                "z": 6.052999973297119
            },
            "eulerAngles": {
                "x": 0.0,
                "y": 90.0,
                "z": 0.0
            }
        },
        {
            "name": "tumbler#1",
            "position": {
                "x": 4.191999912261963,
                "y": 0.6859999895095825,
                "z": -2.8989999294281008
            },
            "eulerAngles": {
                "x": 0.0,
                "y": 90.0,
                "z": 0.0
            }
        },
        {
            "name": "soysauce#1",
            "position": {
                "x": 10.073461532592774,
                "y": 0.5506813526153565,
                "z": 2.5870449542999269
            },
            "eulerAngles": {
                "x": 0.0,
                "y": 0.0,
                "z": 0.0
            }
        },
        {
            "name": "rubik's_cube#1",
            "position": {
                "x": -1.0780000686645508,
                "y": 0.4985000193119049,
                "z": 3.5769999027252199
            },
            "eulerAngles": {
                "x": 0.0,
                "y": 90.0,
                "z": 0.0
            }
        },
        {
            "name": "salt#1",
            "position": {
                "x": 8.139999389648438,
                "y": 0.7463734745979309,
                "z": -2.42900013923645
            },
            "eulerAngles": {
                "x": 0.0,
                "y": 180.0,
                "z": 0.0
            }
        },
        {
            "name": "toy_duck#1",
            "position": {
                "x": 6.51099967956543,
                "y": 0.4960000216960907,
                "z": 3.422999858856201
            },
            "eulerAngles": {
                "x": 0.0,
                "y": 0.0,
                "z": 0.0
            }
        },
        {
            "name": "sauce#1",
            "position": {
                "x": 1.2360000610351563,
                "y": 0.7459999918937683,
                "z": 3.7179999351501467
            },
            "eulerAngles": {
                "x": 0.0,
                "y": 180.0,
                "z": 0.0
            }
        },
        {
            "name": "cigarette#1",
            "position": {
                "x": 10.660999298095704,
                "y": 0.4960000216960907,
                "z": -2.5490000247955324
            },
            "eulerAngles": {
                "x": 0.0,
                "y": 270.0,
                "z": 0.0
            }
        },
        {
            "name": "white_cup#1",
            "position": {
                "x": 6.8979997634887699,
                "y": 0.4960000216960907,
                "z": 2.172999858856201
            },
            "eulerAngles": {
                "x": 0.0,
                "y": 90.0,
                "z": 0.0
            }
        },
        {
            "name": "sugar#1",
            "position": {
                "x": -1.1150002479553223,
                "y": 0.4985000193119049,
                "z": 2.9140000343322756
            },
            "eulerAngles": {
                "x": 0.0,
                "y": 90.0,
                "z": 0.0
            }
        },
        {
            "name": "rabbit_doll#1",
            "position": {
                "x": 8.255999565124512,
                "y": 0.7463734745979309,
                "z": -1.6190000772476197
            },
            "eulerAngles": {
                "x": 0.0,
                "y": 0.0,
                "z": 0.0
            }
        },
        {
            "name": "apple#1",
            "position": {
                "x": -1.3020000457763672,
                "y": 0.6919999718666077,
                "z": 6.060000419616699
            },
            "eulerAngles": {
                "x": 0.0,
                "y": 90.0,
                "z": 0.0
            }
        },
        {
            "name": "toy_car#1",
            "position": {
                "x": 7.616999626159668,
                "y": 0.7463734745979309,
                "z": -1.6230000257492066
            },
            "eulerAngles": {
                "x": 0.0,
                "y": 0.0,
                "z": 0.0
            }
        },
        {
            "name": "canned_juice#1",
            "position": {
                "x": 2.795999765396118,
                "y": 0.7463733553886414,
                "z": 2.993000030517578
            },
            "eulerAngles": {
                "x": 0.0,
                "y": 182.58399963378907,
                "z": 0.0
            }
        }
    ],
    "destinationsPositions": [
        {
            "name": "wooden_bed#bedroom",
            "position": {
                "x": 10.52400016784668,
                "y": 0.0,
                "z": 1.3249999284744263
            },
            "eulerAngles": {
                "x": 0.0,
                "y": 0.0,
                "z": 0.0
            }
        },
        {
            "name": "white_side_table#bedroom_1",
            "position": {
                "x": 6.659999847412109,
                "y": 0.0,
                "z": 2.799999952316284
            },
            "eulerAngles": {
                "x": 0.0,
                "y": 90.0,
                "z": 0.0
            }
        },
        {
            "name": "wagon#bedroom",
            "position": {
                "x": 9.170000076293946,
                "y": 0.0,
                "z": 1.1699999570846558
            },
            "eulerAngles": {
                "x": 0.0,
                "y": 0.0,
                "z": 0.0
            }
        },
        {
            "name": "armchair#bedroom",
            "position": {
                "x": 10.779999732971192,
                "y": 0.0,
                "z": 5.5
            },
            "eulerAngles": {
                "x": 0.0,
                "y": 270.0,
                "z": 0.0
            }
        },
        {
            "name": "cardboard_box#lobby",
            "position": {
                "x": 7.149999618530273,
                "y": 0.21799999475479127,
                "z": -5.489999771118164
            },
            "eulerAngles": {
                "x": 0.0,
                "y": 0.0,
                "z": 0.0
            }
        },
        {
            "name": "corner_sofa#lobby",
            "position": {
                "x": 10.829999923706055,
                "y": 0.0,
                "z": -4.069999694824219
            },
            "eulerAngles": {
                "x": 0.0,
                "y": 0.0,
                "z": 0.0
            }
        },
        {
            "name": "white_side_table#lobby",
            "position": {
                "x": 10.917999267578125,
                "y": 0.0,
                "z": -2.577000141143799
            },
            "eulerAngles": {
                "x": 0.0,
                "y": 90.0,
                "z": 0.0
            }
        },
        {
            "name": "dining_table#lobby",
            "position": {
                "x": 8.299999237060547,
                "y": 0.0,
                "z": -2.0299999713897707
            },
            "eulerAngles": {
                "x": 0.0,
                "y": 0.0,
                "z": 0.0
            }
        },
        {
            "name": "trash_box_for_burnable#lobby",
            "position": {
                "x": 4.119999885559082,
                "y": 0.0,
                "z": -1.9700000286102296
            },
            "eulerAngles": {
                "x": 0.0,
                "y": 180.0,
                "z": 0.0
            }
        },
        {
            "name": "wooden_shelf#lobby",
            "position": {
                "x": 4.062999725341797,
                "y": 0.0,
                "z": -2.940000057220459
            },
            "eulerAngles": {
                "x": 0.0,
                "y": 90.0,
                "z": 0.0
            }
        },
        {
            "name": "trash_box_for_burnable#living_room",
            "position": {
                "x": 1.0199999809265137,
                "y": 0.0,
                "z": -1.0600000619888306
            },
            "eulerAngles": {
                "x": 0.0,
                "y": 90.0,
                "z": 0.0
            }
        },
        {
            "name": "dining_table#living_room",
            "position": {
                "x": 2.2599997520446779,
                "y": 0.0,
                "z": 3.4100000858306886
            },
            "eulerAngles": {
                "x": 0.0,
                "y": 0.0,
                "z": 0.0
            }
        },
        {
            "name": "white_side_table#living_room",
            "position": {
                "x": -1.3400001525878907,
                "y": 0.0,
                "z": 3.2899999618530275
            },
            "eulerAngles": {
                "x": 0.0,
                "y": 90.0,
                "z": 0.0
            }
        },
        {
            "name": "wagon#living_room",
            "position": {
                "x": 2.319999933242798,
                "y": 0.0,
                "z": -1.0800000429153443
            },
            "eulerAngles": {
                "x": 0.0,
                "y": 0.0,
                "z": 0.0
            }
        },
        {
            "name": "Moderator",
            "position": {
                "x": 0.0,
                "y": 0.0,
                "z": 0.0
            },
            "eulerAngles": {
                "x": 0.0,
                "y": 0.0,
                "z": 0.0
            }
        }
    ]
}
