﻿{
    "taskMessage": "Go to the kitchen, grasp the cigarette and put it on the wooden_side_table.",
    "correctedTaskMessage": "",
    "environmentName": "Layout2019HM01",
    "isEnvironmentNameSent": true,
    "graspingTargetName": "cigarette#1",
    "destinationName": "wooden_side_table#kitchen",
    "graspablesPositions": [
        {
            "name": "soysauce#1",
            "position": {
                "x": 2.3681530952453615,
                "y": 0.7260000109672546,
                "z": 9.480134963989258
            },
            "eulerAngles": {
                "x": 0.0,
                "y": 117.39999389648438,
                "z": 0.0
            }
        },
        {
            "name": "empty_plastic_bottle#1",
            "position": {
                "x": -5.702000141143799,
                "y": 0.857281506061554,
                "z": 9.065999984741211
            },
            "eulerAngles": {
                "x": 0.0,
                "y": 148.0699920654297,
                "z": 0.0
            }
        },
        {
            "name": "filled_plastic_bottle#1",
            "position": {
                "x": -3.817999839782715,
                "y": 0.47200003266334536,
                "z": 0.48799991607666018
            },
            "eulerAngles": {
                "x": 0.0,
                "y": 0.0,
                "z": 0.0
            }
        },
        {
            "name": "hourglass#1",
            "position": {
                "x": 4.388999938964844,
                "y": 0.47200003266334536,
                "z": 0.41699981689453127
            },
            "eulerAngles": {
                "x": 0.0,
                "y": 2.2000014781951906,
                "z": 0.0
            }
        },
        {
            "name": "white_cup#1",
            "position": {
                "x": 3.6500000953674318,
                "y": 0.5499999523162842,
                "z": 7.390999794006348
            },
            "eulerAngles": {
                "x": 0.0,
                "y": 90.0,
                "z": 0.0
            }
        },
        {
            "name": "filled_ketchup#1",
            "position": {
                "x": -1.5079998970031739,
                "y": 0.3850000202655792,
                "z": 5.599999904632568
            },
            "eulerAngles": {
                "x": 0.0,
                "y": 286.5,
                "z": 0.0
            }
        },
        {
            "name": "ground_pepper#1",
            "position": {
                "x": 0.5260000228881836,
                "y": 0.5009999871253967,
                "z": 3.126999855041504
            },
            "eulerAngles": {
                "x": 0.0,
                "y": 268.20001220703127,
                "z": 0.0
            }
        },
        {
            "name": "nursing_bottle#1",
            "position": {
                "x": 6.561999797821045,
                "y": 0.49619999527931216,
                "z": 2.9709999561309816
            },
            "eulerAngles": {
                "x": 0.0,
                "y": 302.29998779296877,
                "z": 0.0
            }
        },
        {
            "name": "salt#1",
            "position": {
                "x": 3.177999973297119,
                "y": 0.5509999990463257,
                "z": 8.764999389648438
            },
            "eulerAngles": {
                "x": 0.0,
                "y": 0.0,
                "z": 0.0
            }
        },
        {
            "name": "cigarette#1",
            "position": {
                "x": -3.7719998359680177,
                "y": 0.7459999918937683,
                "z": 6.7769999504089359
            },
            "eulerAngles": {
                "x": 0.0,
                "y": 270.0,
                "z": 0.0
            }
        },
        {
            "name": "toy_car#1",
            "position": {
                "x": -4.201364040374756,
                "y": 0.4438196122646332,
                "z": 2.505018711090088
            },
            "eulerAngles": {
                "x": 0.0,
                "y": 0.0,
                "z": 0.0
            }
        },
        {
            "name": "dog_doll#1",
            "position": {
                "x": 3.0805537700653078,
                "y": 0.6396371126174927,
                "z": 0.07355260848999024
            },
            "eulerAngles": {
                "x": 0.0,
                "y": 0.0,
                "z": 0.0
            }
        },
        {
            "name": "pink_cup#1",
            "position": {
                "x": 2.305000066757202,
                "y": 0.49619999527931216,
                "z": 9.888999938964844
            },
            "eulerAngles": {
                "x": 0.0,
                "y": 32.0999870300293,
                "z": 0.0
            }
        },
        {
            "name": "toy_duck#1",
            "position": {
                "x": -3.0339999198913576,
                "y": 0.7459999918937683,
                "z": 6.746999740600586
            },
            "eulerAngles": {
                "x": 0.0,
                "y": 20.59999656677246,
                "z": 0.0
            }
        },
        {
            "name": "rabbit_doll#1",
            "position": {
                "x": -3.302000045776367,
                "y": 0.4440000057220459,
                "z": 2.311999797821045
            },
            "eulerAngles": {
                "x": 0.0,
                "y": 90.0,
                "z": 0.0
            }
        },
        {
            "name": "bear_doll#1",
            "position": {
                "x": 2.746859550476074,
                "y": 0.30963727831840517,
                "z": 0.10978364944458008
            },
            "eulerAngles": {
                "x": 0.0,
                "y": 0.0,
                "z": 0.0
            }
        },
        {
            "name": "empty_ketchup#1",
            "position": {
                "x": 2.3908228874206545,
                "y": 0.4009999930858612,
                "z": 9.28634262084961
            },
            "eulerAngles": {
                "x": 0.0,
                "y": 90.0,
                "z": 0.0
            }
        },
        {
            "name": "cubic_clock#1",
            "position": {
                "x": -3.8489999771118166,
                "y": 0.7459999918937683,
                "z": 7.854000091552734
            },
            "eulerAngles": {
                "x": 0.0,
                "y": 81.43000793457031,
                "z": 0.0
            }
        },
        {
            "name": "toy_penguin#1",
            "position": {
                "x": 0.5879999995231628,
                "y": 0.4960000216960907,
                "z": 3.8959999084472658
            },
            "eulerAngles": {
                "x": 0.0,
                "y": 0.0,
                "z": 0.0
            }
        },
        {
            "name": "spray_bottle#1",
            "position": {
                "x": 5.652925968170166,
                "y": 0.6228386759757996,
                "z": 0.3907194137573242
            },
            "eulerAngles": {
                "x": 0.0,
                "y": 289.6999816894531,
                "z": 0.0
            }
        },
        {
            "name": "tumbler#1",
            "position": {
                "x": 7.064000129699707,
                "y": 0.49619999527931216,
                "z": 10.704999923706055
            },
            "eulerAngles": {
                "x": 0.0,
                "y": 180.0,
                "z": 0.0
            }
        },
        {
            "name": "apple#1",
            "position": {
                "x": -2.453000068664551,
                "y": 0.7109999656677246,
                "z": 10.867000579833985
            },
            "eulerAngles": {
                "x": 0.0,
                "y": 171.29998779296876,
                "z": 0.0
            }
        },
        {
            "name": "canned_juice#1",
            "position": {
                "x": -5.801000118255615,
                "y": 0.765999972820282,
                "z": 1.616999864578247
            },
            "eulerAngles": {
                "x": 0.0,
                "y": 84.99999237060547,
                "z": 0.0
            }
        },
        {
            "name": "rubik's_cube#1",
            "position": {
                "x": 3.2309999465942385,
                "y": 0.3100000023841858,
                "z": 0.10799980163574219
            },
            "eulerAngles": {
                "x": 0.0,
                "y": 9.770000457763672,
                "z": 0.0
            }
        },
        {
            "name": "sugar#1",
            "position": {
                "x": 5.946000099182129,
                "y": 0.4960000216960907,
                "z": 10.730999946594239
            },
            "eulerAngles": {
                "x": 0.0,
                "y": 150.29998779296876,
                "z": 0.0
            }
        },
        {
            "name": "camera#1",
            "position": {
                "x": -4.363999843597412,
                "y": 0.8560000061988831,
                "z": 10.270000457763672
            },
            "eulerAngles": {
                "x": 0.0,
                "y": 86.59999084472656,
                "z": 0.0
            }
        },
        {
            "name": "sauce#1",
            "position": {
                "x": 0.531000018119812,
                "y": 0.5009999871253967,
                "z": 2.6389999389648439
            },
            "eulerAngles": {
                "x": 0.0,
                "y": 256.5899963378906,
                "z": 0.0
            }
        }
    ],
    "destinationsPositions": [
        {
            "name": "white_side_table#lobby",
            "position": {
                "x": 6.815000057220459,
                "y": 0.0,
                "z": 2.379999876022339
            },
            "eulerAngles": {
                "x": 0.0,
                "y": 90.0,
                "z": 0.0
            }
        },
        {
            "name": "corner_sofa#lobby",
            "position": {
                "x": 6.64900016784668,
                "y": 0.0,
                "z": 0.9270000457763672
            },
            "eulerAngles": {
                "x": 0.0,
                "y": 0.0,
                "z": 0.0
            }
        },
        {
            "name": "armchair#lobby",
            "position": {
                "x": 2.319999933242798,
                "y": 0.0,
                "z": 3.3320000171661379
            },
            "eulerAngles": {
                "x": 0.0,
                "y": 90.0,
                "z": 0.0
            }
        },
        {
            "name": "trash_box_for_recycle#living_room",
            "position": {
                "x": -1.1800000667572022,
                "y": 0.0,
                "z": -0.07000017166137696
            },
            "eulerAngles": {
                "x": 0.000018669334167498164,
                "y": 0.0,
                "z": 0.0
            }
        },
        {
            "name": "trash_box_for_burnable#living_room",
            "position": {
                "x": -2.3499999046325685,
                "y": 0.0,
                "z": -0.07000017166137696
            },
            "eulerAngles": {
                "x": 0.000009334667083749082,
                "y": 0.0,
                "z": 0.0
            }
        },
        {
            "name": "trash_box_for_bottle_can#lobby",
            "position": {
                "x": 2.0829999446868898,
                "y": 0.0,
                "z": -0.1100001335144043
            },
            "eulerAngles": {
                "x": 0.0,
                "y": 0.0,
                "z": 0.0
            }
        },
        {
            "name": "white_side_table#living_room",
            "position": {
                "x": 0.7799999713897705,
                "y": 0.0,
                "z": 3.2189998626708986
            },
            "eulerAngles": {
                "x": 0.0,
                "y": 90.0,
                "z": 0.0
            }
        },
        {
            "name": "square_low_table#living_room",
            "position": {
                "x": -3.8299999237060549,
                "y": 0.0,
                "z": 2.242999792098999
            },
            "eulerAngles": {
                "x": 0.0,
                "y": 0.0,
                "z": 0.0
            }
        },
        {
            "name": "dining_table#kitchen",
            "position": {
                "x": -3.4200000762939455,
                "y": 0.0,
                "z": 7.809999942779541
            },
            "eulerAngles": {
                "x": 0.0,
                "y": 90.0,
                "z": 0.0
            }
        },
        {
            "name": "wooden_side_table#kitchen",
            "position": {
                "x": -1.369999885559082,
                "y": 0.0,
                "z": 5.881999969482422
            },
            "eulerAngles": {
                "x": 0.0,
                "y": 90.0,
                "z": 0.0
            }
        },
        {
            "name": "white_side_table#bedroom_1",
            "position": {
                "x": 6.408999919891357,
                "y": 0.0,
                "z": 11.00286865234375
            },
            "eulerAngles": {
                "x": 0.0,
                "y": 0.0,
                "z": 0.0
            }
        },
        {
            "name": "white_side_table#bedroom_2",
            "position": {
                "x": 2.0399999618530275,
                "y": 0.0,
                "z": 10.536999702453614
            },
            "eulerAngles": {
                "x": 0.0,
                "y": 90.0,
                "z": 0.0
            }
        },
        {
            "name": "wooden_bed#bedroom",
            "position": {
                "x": 2.0899999141693117,
                "y": 0.0,
                "z": 8.074999809265137
            },
            "eulerAngles": {
                "x": 0.0,
                "y": 90.0,
                "z": 0.0
            }
        },
        {
            "name": "wagon#bedroom",
            "position": {
                "x": 2.1600000858306886,
                "y": 0.0,
                "z": 9.279999732971192
            },
            "eulerAngles": {
                "x": 0.0,
                "y": 0.0,
                "z": 0.0
            }
        },
        {
            "name": "cardboard_box#bedroom",
            "position": {
                "x": 4.970000267028809,
                "y": 0.21799999475479127,
                "z": 10.850000381469727
            },
            "eulerAngles": {
                "x": 0.0,
                "y": 0.0,
                "z": 0.0
            }
        },
        {
            "name": "Moderator",
            "position": {
                "x": 0.0,
                "y": 0.0,
                "z": 0.0
            },
            "eulerAngles": {
                "x": 0.0,
                "y": 0.0,
                "z": 0.0
            }
        }
    ]
}
