﻿{
    "taskMessage": "Go to the kitchen, pick up the empty_ketchup close to the living room and trash away it into the trash can next to the sofa in the living room.",
    "correctedTaskMessage": "",
    "environmentName": "Layout2019HM01",
    "isEnvironmentNameSent": true,
    "graspingTargetName": "empty_ketchup#1",
    "destinationName": "trash_box_for_burnable#living_room",    
    "graspablesPositions": [
        {
            "name": "ground_pepper#1",
            "position": {
                "x": 2.3849000930786135,
                "y": 0.7272999882698059,
                "z": 9.277000427246094
            },
            "eulerAngles": {
                "x": 0.0,
                "y": 90.0,
                "z": 0.0
            }
        },
        {
            "name": "toy_duck#1",
            "position": {
                "x": -3.9809999465942385,
                "y": 0.8560000061988831,
                "z": 10.315999984741211
            },
            "eulerAngles": {
                "x": 0.0,
                "y": 120.19998931884766,
                "z": 0.0
            }
        },
        {
            "name": "spray_bottle#1",
            "position": {
                "x": -4.23799991607666,
                "y": 0.45580002665519717,
                "z": 1.998999834060669
            },
            "eulerAngles": {
                "x": 0.0,
                "y": 266.5,
                "z": 0.0
            }
        },
        {
            "name": "sugar#1",
            "position": {
                "x": 6.548600196838379,
                "y": 0.49619999527931216,
                "z": 2.5209999084472658
            },
            "eulerAngles": {
                "x": 0.0,
                "y": 302.29998779296877,
                "z": 0.0
            }
        },
        {
            "name": "hourglass#1",
            "position": {
                "x": 3.687000036239624,
                "y": 0.5509999990463257,
                "z": 8.698999404907227
            },
            "eulerAngles": {
                "x": 0.0,
                "y": 0.0,
                "z": 0.0
            }
        },
        {
            "name": "cigarette#1",
            "position": {
                "x": -1.4260001182556153,
                "y": 0.38100001215934756,
                "z": 6.226999759674072
            },
            "eulerAngles": {
                "x": 0.0,
                "y": 0.0,
                "z": 0.0
            }
        },
        {
            "name": "apple#1",
            "position": {
                "x": 0.5260000228881836,
                "y": 0.5009999871253967,
                "z": 3.126999855041504
            },
            "eulerAngles": {
                "x": 0.0,
                "y": 268.20001220703127,
                "z": 0.0
            }
        },
        {
            "name": "canned_juice#1",
            "position": {
                "x": 2.638000011444092,
                "y": 0.5059999823570252,
                "z": 3.318999767303467
            },
            "eulerAngles": {
                "x": 0.0,
                "y": 90.0,
                "z": 0.0
            }
        },
        {
            "name": "dog_doll#1",
            "position": {
                "x": 2.319000005722046,
                "y": 0.49619999527931216,
                "z": 11.000999450683594
            },
            "eulerAngles": {
                "x": 0.0,
                "y": 112.79000091552735,
                "z": 0.0
            }
        },
        {
            "name": "pink_cup#1",
            "position": {
                "x": -4.870999813079834,
                "y": 0.8560000061988831,
                "z": 10.284000396728516
            },
            "eulerAngles": {
                "x": 0.0,
                "y": 180.0,
                "z": 0.0
            }
        },
        {
            "name": "cubic_clock#1",
            "position": {
                "x": 0.5879999995231628,
                "y": 0.4960000216960907,
                "z": 3.8959999084472658
            },
            "eulerAngles": {
                "x": 0.0,
                "y": 0.0,
                "z": 0.0
            }
        },
        {
            "name": "camera#1",
            "position": {
                "x": 2.8980000019073488,
                "y": 0.9695999622344971,
                "z": 0.13100004196166993
            },
            "eulerAngles": {
                "x": 0.0,
                "y": 0.0,
                "z": 0.0
            }
        },
        {
            "name": "white_cup#2",
            "position": {
                "x": 3.940999984741211,
                "y": 0.5499999523162842,
                "z": 7.8379998207092289
            },
            "eulerAngles": {
                "x": 0.0,
                "y": 90.0,
                "z": 0.0
            }
        },
        {
            "name": "soysauce#1",
            "position": {
                "x": -1.5309998989105225,
                "y": 0.3850000202655792,
                "z": 5.786999702453613
            },
            "eulerAngles": {
                "x": 0.0,
                "y": 286.5,
                "z": 0.0
            }
        },
        {
            "name": "rubik's_cube#1",
            "position": {
                "x": -5.8420000076293949,
                "y": 0.765999972820282,
                "z": 1.2289998531341553
            },
            "eulerAngles": {
                "x": 0.0,
                "y": 84.99999237060547,
                "z": 0.0
            }
        },
        {
            "name": "empty_plastic_bottle#1",
            "position": {
                "x": 6.877999782562256,
                "y": 0.4960000216960907,
                "z": 3.049999952316284
            },
            "eulerAngles": {
                "x": 0.0,
                "y": 0.0,
                "z": 0.0
            }
        },
        {
            "name": "toy_car#1",
            "position": {
                "x": 6.288000106811523,
                "y": 0.49619999527931216,
                "z": 10.73699951171875
            },
            "eulerAngles": {
                "x": 0.0,
                "y": 180.0,
                "z": 0.0
            }
        },
        {
            "name": "empty_ketchup#1",
            "position": {
                "x": -3.8410000801086427,
                "y": 0.7459999918937683,
                "z": 8.600000381469727
            },
            "eulerAngles": {
                "x": 0.0,
                "y": 270.0,
                "z": 0.0
            }
        },
        {
            "name": "bear_doll#1",
            "position": {
                "x": -4.6579999923706059,
                "y": 0.4699999988079071,
                "z": 0.45200014114379885
            },
            "eulerAngles": {
                "x": 0.0,
                "y": 0.0,
                "z": 0.0
            }
        },
        {
            "name": "filled_plastic_bottle#1",
            "position": {
                "x": 4.0920000076293949,
                "y": 0.47200003266334536,
                "z": 0.36700010299682619
            },
            "eulerAngles": {
                "x": 0.0,
                "y": 2.2000014781951906,
                "z": 0.0
            }
        },
        {
            "name": "tumbler#1",
            "position": {
                "x": 6.816999912261963,
                "y": 0.49619999527931216,
                "z": 10.729999542236329
            },
            "eulerAngles": {
                "x": 0.0,
                "y": 180.0,
                "z": 0.0
            }
        },
        {
            "name": "filled_ketchup#1",
            "position": {
                "x": -3.048999786376953,
                "y": 0.7459999918937683,
                "z": 8.847000122070313
            },
            "eulerAngles": {
                "x": 0.0,
                "y": 20.59999656677246,
                "z": 0.0
            }
        },
        {
            "name": "toy_penguin#1",
            "position": {
                "x": -5.872000217437744,
                "y": 0.778499960899353,
                "z": 2.7649998664855959
            },
            "eulerAngles": {
                "x": 0.0,
                "y": 70.89999389648438,
                "z": 0.0
            }
        },
        {
            "name": "nursing_bottle#1",
            "position": {
                "x": 2.828000068664551,
                "y": 0.3100000023841858,
                "z": 0.11100006103515625
            },
            "eulerAngles": {
                "x": 0.0,
                "y": 9.770000457763672,
                "z": 0.0
            }
        },
        {
            "name": "sauce#1",
            "position": {
                "x": 2.315999984741211,
                "y": 0.49619999527931216,
                "z": 10.142999649047852
            },
            "eulerAngles": {
                "x": 0.0,
                "y": 90.0,
                "z": 0.0
            }
        },
        {
            "name": "white_cup#1",
            "position": {
                "x": -3.7680001258850099,
                "y": 0.7459999918937683,
                "z": 7.590000152587891
            },
            "eulerAngles": {
                "x": 0.0,
                "y": 270.0,
                "z": 0.0
            }
        },
        {
            "name": "salt#1",
            "position": {
                "x": -4.005000114440918,
                "y": 0.47200003266334536,
                "z": 0.4609999656677246
            },
            "eulerAngles": {
                "x": 0.0,
                "y": 0.0,
                "z": 0.0
            }
        },
        {
            "name": "rabbit_doll#1",
            "position": {
                "x": 5.0360002517700199,
                "y": 0.47200003266334536,
                "z": 0.37599992752075198
            },
            "eulerAngles": {
                "x": 0.0,
                "y": 0.0,
                "z": 0.0
            }
        }
    ],
    "destinationsPositions": [
        {
            "name": "white_side_table#lobby",
            "position": {
                "x": 6.815000057220459,
                "y": 0.0,
                "z": 2.379999876022339
            },
            "eulerAngles": {
                "x": 0.0,
                "y": 90.0,
                "z": 0.0
            }
        },
        {
            "name": "corner_sofa#lobby",
            "position": {
                "x": 6.64900016784668,
                "y": 0.0,
                "z": 0.9270000457763672
            },
            "eulerAngles": {
                "x": 0.0,
                "y": 0.0,
                "z": 0.0
            }
        },
        {
            "name": "armchair#lobby",
            "position": {
                "x": 2.319999933242798,
                "y": 0.0,
                "z": 3.3320000171661379
            },
            "eulerAngles": {
                "x": 0.0,
                "y": 90.0,
                "z": 0.0
            }
        },
        {
            "name": "trash_box_for_recycle#living_room",
            "position": {
                "x": -1.1800000667572022,
                "y": 0.0,
                "z": -0.07000017166137696
            },
            "eulerAngles": {
                "x": 0.000018669334167498164,
                "y": 0.0,
                "z": 0.0
            }
        },
        {
            "name": "trash_box_for_burnable#living_room",
            "position": {
                "x": -2.3499999046325685,
                "y": 0.0,
                "z": -0.07000017166137696
            },
            "eulerAngles": {
                "x": 0.000009334667083749082,
                "y": 0.0,
                "z": 0.0
            }
        },
        {
            "name": "trash_box_for_bottle_can#lobby",
            "position": {
                "x": 2.0829999446868898,
                "y": 0.0,
                "z": -0.1100001335144043
            },
            "eulerAngles": {
                "x": 0.0,
                "y": 0.0,
                "z": 0.0
            }
        },
        {
            "name": "white_side_table#living_room",
            "position": {
                "x": 0.7799999713897705,
                "y": 0.0,
                "z": 3.2189998626708986
            },
            "eulerAngles": {
                "x": 0.0,
                "y": 90.0,
                "z": 0.0
            }
        },
        {
            "name": "square_low_table#living_room",
            "position": {
                "x": -3.8299999237060549,
                "y": 0.0,
                "z": 2.242999792098999
            },
            "eulerAngles": {
                "x": 0.0,
                "y": 0.0,
                "z": 0.0
            }
        },
        {
            "name": "dining_table#kitchen",
            "position": {
                "x": -3.4200000762939455,
                "y": 0.0,
                "z": 7.809999942779541
            },
            "eulerAngles": {
                "x": 0.0,
                "y": 90.0,
                "z": 0.0
            }
        },
        {
            "name": "wooden_side_table#kitchen",
            "position": {
                "x": -1.369999885559082,
                "y": 0.0,
                "z": 5.881999969482422
            },
            "eulerAngles": {
                "x": 0.0,
                "y": 90.0,
                "z": 0.0
            }
        },
        {
            "name": "white_side_table#bedroom_1",
            "position": {
                "x": 6.408999919891357,
                "y": 0.0,
                "z": 11.00286865234375
            },
            "eulerAngles": {
                "x": 0.0,
                "y": 0.0,
                "z": 0.0
            }
        },
        {
            "name": "white_side_table#bedroom_2",
            "position": {
                "x": 2.0399999618530275,
                "y": 0.0,
                "z": 10.536999702453614
            },
            "eulerAngles": {
                "x": 0.0,
                "y": 90.0,
                "z": 0.0
            }
        },
        {
            "name": "wooden_bed#bedroom",
            "position": {
                "x": 2.0899999141693117,
                "y": 0.0,
                "z": 8.074999809265137
            },
            "eulerAngles": {
                "x": 0.0,
                "y": 90.0,
                "z": 0.0
            }
        },
        {
            "name": "wagon#bedroom",
            "position": {
                "x": 2.1600000858306886,
                "y": 0.0,
                "z": 9.279999732971192
            },
            "eulerAngles": {
                "x": 0.0,
                "y": 0.0,
                "z": 0.0
            }
        },
        {
            "name": "cardboard_box#bedroom",
            "position": {
                "x": 4.970000267028809,
                "y": 0.21799999475479127,
                "z": 10.850000381469727
            },
            "eulerAngles": {
                "x": 0.0,
                "y": 0.0,
                "z": 0.0
            }
        },
        {
            "name": "Moderator",
            "position": {
                "x": 0.0,
                "y": 0.0,
                "z": 0.0
            },
            "eulerAngles": {
                "x": 0.0,
                "y": 0.0,
                "z": 0.0
            }
        }
    ]
}
